model,C,solver,class_weight,max_iter,train_acc,test_acc,gap,max_depth,min_samples_split,min_samples_leaf,criterion,splitter,ccp_alpha,n_estimators,max_features,bootstrap
DecisionTree,,,,,0.9967612107356338,0.8419535131298793,0.1548076976057545,28.0,8.0,11.0,entropy,random,1e-05,,,
DecisionTree,,,,,0.997586784469688,0.8397799858055358,0.1578067986641521,25.0,6.0,6.0,entropy,random,1e-06,,,
RandomForest,,,balanced,,0.9990791677581704,0.8385379701916252,0.1605411975665451,32.0,3.0,5.0,,,,300.0,,False
RandomForest,,,balanced,,0.9990791677581704,0.8385379701916252,0.1605411975665451,25.0,2.0,5.0,,,,300.0,,False
RandomForest,,,balanced,,0.9990791677581704,0.8385379701916252,0.1605411975665451,29.0,6.0,5.0,,,,300.0,,False
DecisionTree,,,,,0.9955228501345528,0.8320173882185947,0.1635054619159579,30.0,17.0,15.0,entropy,random,0.0,,,
DecisionTree,,,,,0.9955228501345528,0.8320173882185947,0.1635054619159579,24.0,11.0,15.0,log_loss,random,0.0,,,
DecisionTree,,,,,0.9955228501345528,0.8320173882185947,0.1635054619159579,33.0,13.0,15.0,log_loss,random,1e-06,,,
DecisionTree,,,,,0.9955228501345528,0.8320173882185947,0.1635054619159579,31.0,7.0,15.0,entropy,random,1e-05,,,
DecisionTree,,,,,0.9955228501345528,0.8320173882185947,0.1635054619159579,30.0,16.0,15.0,entropy,random,0.0,,,
DecisionTree,,,,,0.9964516205853636,0.8314850958126331,0.1649665247727304,20.0,4.0,11.0,entropy,random,0.0,,,
DecisionTree,,,,,0.9960705865542616,0.8264283179559971,0.1696422685982644,24.0,16.0,10.0,gini,random,1e-06,,,
RandomForest,,,balanced,,0.9992458701467776,0.8251863023420866,0.1740595678046909,29.0,5.0,4.0,,,,100.0,,False
RandomForest,,,balanced,,0.9992458701467776,0.8251863023420866,0.1740595678046909,26.0,2.0,4.0,,,,100.0,,False
RandomForest,,,balanced,,0.9993887579084408,0.8251419446415897,0.174246813266851,38.0,4.0,3.0,,,,150.0,,False
RandomForest,,,balanced,,0.9993887579084408,0.8251419446415897,0.174246813266851,23.0,6.0,3.0,,,,100.0,,False
RandomForest,,,balanced,,0.9994046343264033,0.8251419446415897,0.1742626896848135,26.0,2.0,3.0,,,,300.0,,False
RandomForest,,,balanced,,0.9994046343264033,0.8251419446415897,0.1742626896848135,38.0,3.0,3.0,,,,200.0,,False
RandomForest,,,balanced,,0.9995554602970478,0.8244765791341376,0.1750788811629101,39.0,6.0,2.0,,,,100.0,,False
RandomForest,,,balanced,,0.9994840164162162,0.8243435060326473,0.1751405103835689,24.0,8.0,2.0,,,,100.0,,False
RandomForest,,,balanced,,0.9994840164162162,0.8242547906316536,0.1752292257845625,27.0,8.0,2.0,,,,300.0,,False
RandomForest,,,balanced,,0.9996348423868606,0.82416607523066,0.1754687671562006,31.0,2.0,2.0,,,,300.0,,False
RandomForest,,,balanced,,0.9996348423868606,0.8240330021291696,0.175601840257691,31.0,3.0,2.0,,,,200.0,,False
RandomForest,,,balanced,,0.999396696117422,0.8236781405251952,0.1757185555922268,38.0,10.0,2.0,,,,200.0,,False
DecisionTree,,,,,0.995395838790852,0.8215933286018453,0.1738025101890067,32.0,9.0,15.0,log_loss,random,0.0001,,,
DecisionTree,,,,,0.9956339850602908,0.8215933286018453,0.1740406564584453,23.0,5.0,11.0,gini,random,1e-06,,,
RandomForest,,,,,0.9994363871623284,0.8214602555003548,0.1779761316619735,37.0,10.0,2.0,,,,100.0,,True
RandomForest,,,balanced_subsample,,0.9994998928341788,0.8196415897799858,0.1798583030541929,35.0,8.0,2.0,,,,300.0,,True
DecisionTree,,,,,0.9967532725266526,0.819597232079489,0.1771560404471636,25.0,4.0,9.0,gini,random,1e-06,,,
RandomForest,,,,,0.9995554602970478,0.8194198012775018,0.1801356590195459,24.0,7.0,2.0,,,,300.0,,True
RandomForest,,,balanced_subsample,,0.9996665952227858,0.8192423704755145,0.1804242247472712,32.0,2.0,2.0,,,,100.0,,True
DecisionTree,,,,,0.9919189032570472,0.8190649396735273,0.1728539635835198,14.0,8.0,20.0,gini,best,0.001,,,
DecisionTree,,,,,0.9919189032570472,0.8190649396735273,0.1728539635835198,23.0,8.0,11.0,gini,best,0.001,,,
RandomForest,,,,,0.9995395838790851,0.8187987934705465,0.1807407904085386,23.0,8.0,2.0,,,,300.0,,True
RandomForest,,,,,0.999531645670104,0.8187544357700497,0.1807772099000542,32.0,8.0,2.0,,,,300.0,,True
RandomForest,,,balanced,,0.9986901955180872,0.8181334279630944,0.1805567675549928,33.0,2.0,7.0,,,,100.0,,False
RandomForest,,,balanced,,0.9986901955180872,0.8181334279630944,0.1805567675549928,33.0,2.0,7.0,,,,300.0,,False
RandomForest,,,balanced,,0.9986981337270684,0.8181334279630944,0.1805647057639741,21.0,3.0,7.0,,,,200.0,,False
RandomForest,,,balanced,,0.9986981337270684,0.8181334279630944,0.1805647057639741,31.0,6.0,7.0,,,,200.0,,False
RandomForest,,,balanced,,0.9986981337270684,0.8181334279630944,0.1805647057639741,38.0,5.0,7.0,,,,200.0,,False
RandomForest,,,balanced,,0.999174426265946,0.8165365507452094,0.1826378755207365,39.0,9.0,4.0,,,,100.0,,True
RandomForest,,,balanced,,0.9993331904455716,0.8163147622427254,0.1830184282028463,28.0,9.0,3.0,,,,300.0,,True
RandomForest,,,balanced,,0.9992379319377962,0.8158711852377573,0.1833667467000389,21.0,13.0,3.0,,,,150.0,,True
DecisionTree,,,,,0.9565700586633644,0.8152945351312988,0.1412755235320656,2.0,34.0,6.0,gini,best,1e-06,,,
RandomForest,,,,,0.9990632913402078,0.8152058197303051,0.1838574716099026,30.0,14.0,4.0,,,,50.0,,True
RandomForest,,,,,0.9993649432814968,0.8151614620298083,0.1842034812516885,31.0,9.0,3.0,,,,300.0,,True
DecisionTree,,,,,0.9954672826716836,0.8151171043293116,0.180350178342372,28.0,14.0,10.0,gini,random,0.0001,,,
RandomForest,,,balanced_subsample,,0.9991664880569646,0.8151171043293116,0.184049383727653,20.0,14.0,3.0,,,,100.0,,True
RandomForest,,,balanced_subsample,,0.9992934994006653,0.815028388928318,0.1842651104723472,31.0,10.0,3.0,,,,150.0,,True
RandomForest,,,balanced_subsample,,0.9994681399982536,0.8148953158268275,0.184572824171426,31.0,4.0,3.0,,,,100.0,,True
RandomForest,,,balanced_subsample,,0.9992696847737214,0.814806600425834,0.1844630843478873,32.0,10.0,3.0,,,,100.0,,True
RandomForest,,,balanced_subsample,,0.9992299937288148,0.8146735273243435,0.1845564664044714,35.0,8.0,4.0,,,,300.0,,True
RandomForest,,,balanced_subsample,,0.9992299937288148,0.8146735273243435,0.1845564664044714,39.0,2.0,4.0,,,,300.0,,True
DecisionTree,,,,,0.9974042056631184,0.8144073811213627,0.1829968245417556,33.0,6.0,7.0,entropy,random,1e-05,,,
DecisionTree,,,,,0.99575305819501,0.8143630234208659,0.1813900347741441,26.0,2.0,7.0,gini,random,0.0001,,,
DecisionTree,,,,,0.9974359584990434,0.8142743080198722,0.1831616504791712,32.0,10.0,7.0,entropy,random,1e-06,,,
RandomForest,,,balanced_subsample,,0.9992299937288148,0.8139194464158978,0.1853105473129171,29.0,4.0,4.0,,,,200.0,,True
RandomForest,,,balanced_subsample,,0.9992299937288148,0.8139194464158978,0.1853105473129171,32.0,4.0,4.0,,,,200.0,,True
RandomForest,,,,,0.9994443253713096,0.813875088715401,0.1855692366559086,43.0,5.0,3.0,,,,100.0,,True
RandomForest,,,,,0.9992220555198336,0.8135645848119234,0.1856574707079101,31.0,7.0,4.0,,,,300.0,,True
DecisionTree,,,,,0.9944829447580036,0.8133427963094393,0.1811401484485644,30.0,8.0,11.0,gini,random,0.0001,,,
DecisionTree,,,,,0.9948877934160496,0.8133427963094393,0.1815449971066102,33.0,15.0,16.0,gini,random,0.0001,,,
RandomForest,,,balanced_subsample,,0.999039476713264,0.8132984386089425,0.1857410381043215,27.0,4.0,5.0,,,,200.0,,True
RandomForest,,,balanced_subsample,,0.999039476713264,0.8132984386089425,0.1857410381043215,40.0,6.0,5.0,,,,200.0,,True
RandomForest,,,balanced,,0.9988410214887316,0.8128548616039745,0.1859861598847572,24.0,6.0,6.0,,,,100.0,,False
RandomForest,,,,,0.9990474149222452,0.8128548616039745,0.1861925533182707,38.0,2.0,5.0,,,,300.0,,True
RandomForest,,,balanced_subsample,,0.9990474149222452,0.8127661462029808,0.1862812687192644,37.0,5.0,5.0,,,,100.0,,True
DecisionTree,,,,,0.9971422447667356,0.812721788502484,0.1844204562642517,27.0,17.0,7.0,entropy,random,0.0,,,
RandomForest,,,balanced_subsample,,0.998928341787526,0.812721788502484,0.1862065532850418,35.0,4.0,6.0,,,,200.0,,True
RandomForest,,,balanced_subsample,,0.998928341787526,0.8125,0.1864283417875258,28.0,2.0,6.0,,,,150.0,,True
RandomForest,,,balanced,,0.9990236002953014,0.812278211497516,0.1867453887977853,27.0,10.0,5.0,,,,100.0,,True
RandomForest,,,,,0.9987457629809562,0.8122338537970192,0.186511909183937,40.0,20.0,5.0,,,,200.0,,True
DecisionTree,,,,,0.9947290292364236,0.8120120652945352,0.1827169639418885,25.0,11.0,11.0,gini,random,0.0001,,,
DecisionTree,,,,,0.9903630142967144,0.8110805535841022,0.1792824607126121,24.0,23.0,11.0,entropy,random,0.001,,,
DecisionTree,,,,,0.9954752208806648,0.810681334279631,0.1847938866010339,25.0,12.0,13.0,gini,random,0.0001,,,
RandomForest,,,,,0.9992299937288148,0.8106369765791341,0.1885930171496808,35.0,4.0,4.0,,,,100.0,,True
RandomForest,,,balanced,,0.998904527160582,0.8105926188786373,0.1883119082819446,40.0,5.0,6.0,,,,300.0,,True
DecisionTree,,,,,0.9960467719273176,0.8104151880766501,0.1856315838506675,31.0,36.0,14.0,gini,random,1e-06,,,
DecisionTree,,,,,0.9907043572829098,0.8094836763662172,0.1812206809166926,8.0,29.0,14.0,gini,random,0.0,,,
DecisionTree,,,,,0.996626261182952,0.8085521646557843,0.1880740965271676,24.0,15.0,11.0,log_loss,random,0.0,,,
RandomForest,,,balanced,,0.998817206861788,0.8074875798438609,0.191329627017927,31.0,2.0,7.0,,,,200.0,,True
DecisionTree,,,,,0.9963404856596256,0.8071327182398864,0.1892077674197391,27.0,17.0,13.0,gini,random,1e-05,,,
DecisionTree,,,,,0.9963404856596256,0.8071327182398864,0.1892077674197391,29.0,18.0,13.0,gini,random,1e-06,,,
DecisionTree,,,,,0.9954514062537212,0.8069552874378992,0.1884961188158218,13.0,12.0,9.0,entropy,random,1e-06,,,
RandomForest,,,,,0.9990315385042826,0.8067334989354152,0.1922980395688673,38.0,7.0,5.0,,,,100.0,,True
RandomForest,,,balanced_subsample,,0.9988013304438252,0.8066004258339248,0.1922009046099004,31.0,6.0,7.0,,,,300.0,,True
DecisionTree,,,,,0.997920189246902,0.8064673527324343,0.1914528365144677,25.0,12.0,4.0,entropy,random,1e-05,,,
DecisionTree,,,,,0.9966977050637836,0.8063786373314408,0.1903190677323427,29.0,13.0,11.0,entropy,random,1e-05,,,
RandomForest,,,balanced,,0.9996665952227858,0.806334279630944,0.1933323155918418,34.0,8.0,1.0,,,,100.0,,True
RandomForest,,,balanced,,0.9987775158168812,0.8059794180269695,0.1927980977899118,19.0,10.0,7.0,,,,150.0,,True
DecisionTree,,,,,0.9954434680447396,0.8058019872249823,0.1896414808197574,29.0,17.0,12.0,gini,random,0.0001,,,
DecisionTree,,,,,0.9976661665595008,0.8054471256210078,0.1922190409384929,33.0,40.0,1.0,entropy,random,1e-05,,,
RandomForest,,,,,0.9988807125336382,0.8052253371185237,0.1936553754151144,32.0,3.0,6.0,,,,300.0,,True
DecisionTree,,,,,0.9958562549117668,0.8051366217175302,0.1907196331942365,20.0,30.0,1.0,gini,random,0.0001,,,
DecisionTree,,,,,0.998055138799584,0.8051366217175302,0.1929185170820538,23.0,5.0,13.0,gini,best,0.0,,,
DecisionTree,,,,,0.998055138799584,0.8051366217175302,0.1929185170820538,27.0,9.0,13.0,gini,best,0.0,,,
RandomForest,,,,,0.9988648361156756,0.8050922640170334,0.1937725720986421,40.0,8.0,6.0,,,,100.0,,True
RandomForest,,,balanced,,0.9984441110396672,0.8048704755145494,0.1935736355251178,30.0,19.0,10.0,,,,150.0,,False
DecisionTree,,,,,0.997451834917006,0.8044712562100781,0.1929805787069279,27.0,12.0,6.0,gini,random,1e-05,,,
RandomForest,,,balanced,,0.9997856683575052,0.8039833215046132,0.195802346852892,32.0,5.0,1.0,,,,150.0,,False
RandomForest,,,balanced,,0.9996665952227858,0.8038946061036196,0.1957719891191661,34.0,7.0,1.0,,,,300.0,,False
RandomForest,,,balanced_subsample,,0.9997380391036176,0.8038946061036196,0.1958434329999978,39.0,6.0,1.0,,,,300.0,,True
DecisionTree,,,,,0.9958800695387108,0.8038502484031228,0.1920298211355878,23.0,7.0,15.0,entropy,random,1e-05,,,
DecisionTree,,,,,0.9972851325283988,0.8038502484031228,0.1934348841252761,27.0,16.0,6.0,gini,random,1e-06,,,
RandomForest,,,balanced,,0.998602875219293,0.8038502484031228,0.1947526268161702,25.0,8.0,8.0,,,,300.0,,False
RandomForest,,,,,0.9994760782072348,0.803584102200142,0.1958919760070928,29.0,6.0,3.0,,,,150.0,,False
DecisionTree,,,,,0.996904098497297,0.8034953867991483,0.1934087116981486,28.0,7.0,9.0,gini,random,1e-06,,,
RandomForest,,,balanced,,0.9986663808911432,0.8031405251951739,0.1955258556959694,33.0,4.0,8.0,,,,100.0,,True
RandomForest,,,,,0.998848959697713,0.8030074520936835,0.1958415076040295,30.0,3.0,6.0,,,,100.0,,False
RandomForest,,,balanced_subsample,,0.998658442682162,0.8026082327892122,0.1960502098929498,32.0,5.0,8.0,,,,100.0,,True
RandomForest,,,,,0.9983885435767982,0.8024751596877218,0.1959133838890764,13.0,9.0,3.0,,,,150.0,,True
DecisionTree,,,,,0.9913473522103944,0.8022977288857346,0.1890496233246597,31.0,10.0,6.0,log_loss,random,0.001,,,
DecisionTree,,,,,0.9966738904368396,0.8022533711852378,0.1944205192516018,34.0,20.0,10.0,entropy,random,1e-06,,,
DecisionTree,,,,,0.9966738904368396,0.8022533711852378,0.1944205192516018,30.0,14.0,10.0,log_loss,random,1e-06,,,
DecisionTree,,,,,0.9966738904368396,0.8022533711852378,0.1944205192516018,27.0,16.0,10.0,entropy,random,1e-06,,,
DecisionTree,,,,,0.9966738904368396,0.8022533711852378,0.1944205192516018,24.0,8.0,10.0,log_loss,random,1e-06,,,
DecisionTree,,,,,0.9966738904368396,0.8022533711852378,0.1944205192516018,24.0,15.0,10.0,log_loss,random,1e-06,,,
DecisionTree,,,,,0.9966659522278584,0.8019428672817601,0.1947230849460982,33.0,14.0,10.0,log_loss,random,1e-05,,,
DecisionTree,,,,,0.9962690417787938,0.8018541518807665,0.1944148898980273,25.0,6.0,10.0,log_loss,random,0.0001,,,
RandomForest,,,,,0.9996745334317672,0.8018541518807665,0.1978203815510006,22.0,2.0,2.0,,,,100.0,,False
DecisionTree,,,,,0.9985314313384616,0.8014549325762953,0.1970764987621661,18.0,40.0,2.0,log_loss,best,0.0,,,
RandomForest,,,,,0.9994998928341788,0.8013662171753017,0.198133675658877,36.0,8.0,2.0,,,,200.0,,False
DecisionTree,,,,,0.9883625856334294,0.8013218594748048,0.1870407261586245,25.0,6.0,12.0,log_loss,random,0.001,,,
DecisionTree,,,,,0.9981265826804157,0.8011000709723208,0.1970265117080948,30.0,15.0,12.0,gini,best,1e-05,,,
DecisionTree,,,,,0.9981265826804157,0.8011000709723208,0.1970265117080948,31.0,4.0,12.0,gini,best,1e-06,,,
DecisionTree,,,,,0.9981265826804157,0.8011000709723208,0.1970265117080948,33.0,12.0,12.0,gini,best,1e-05,,,
DecisionTree,,,,,0.994816349535218,0.801055713271824,0.1937606362633939,11.0,11.0,8.0,entropy,random,1e-05,,,
RandomForest,,,,,0.999420510744366,0.8009226401703335,0.1984978705740323,27.0,9.0,2.0,,,,150.0,,False
DecisionTree,,,,,0.9962769799877752,0.8003016323633783,0.1959753476243969,31.0,17.0,14.0,gini,random,1e-05,,,
DecisionTree,,,,,0.9962769799877752,0.8003016323633783,0.1959753476243969,31.0,14.0,14.0,gini,random,1e-05,,,
DecisionTree,,,,,0.9969199749152596,0.7997693399574166,0.197150634957843,31.0,32.0,7.0,log_loss,random,1e-05,,,
DecisionTree,,,,,0.996959665960166,0.7993701206529453,0.1975895453072207,24.0,4.0,9.0,log_loss,random,0.0,,,
DecisionTree,,,,,0.996959665960166,0.7993701206529453,0.1975895453072207,27.0,5.0,9.0,entropy,random,0.0,,,
DecisionTree,,,,,0.9917125098235336,0.7991926898509581,0.1925198199725755,18.0,28.0,12.0,log_loss,random,0.001,,,
RandomForest,,,,,0.9990950441761328,0.7991483321504613,0.1999467120256716,28.0,8.0,5.0,,,,300.0,,False
RandomForest,,,,,0.9990950441761328,0.7991483321504613,0.1999467120256716,42.0,8.0,5.0,,,,300.0,,False
RandomForest,,,balanced,,0.998714010145031,0.7990152590489709,0.1996987510960601,24.0,3.0,8.0,,,,150.0,,True
RandomForest,,,,,0.998848959697713,0.7989265436479773,0.1999224160497357,36.0,3.0,6.0,,,,150.0,,False
DecisionTree,,,,,0.9969437895422036,0.7987934705464869,0.1981503189957166,30.0,17.0,9.0,entropy,random,1e-05,,,
DecisionTree,,,,,0.9969437895422036,0.7987934705464869,0.1981503189957166,32.0,13.0,9.0,log_loss,random,1e-05,,,
DecisionTree,,,,,0.9969437895422036,0.7987934705464869,0.1981503189957166,30.0,3.0,9.0,log_loss,random,1e-05,,,
DecisionTree,,,,,0.997039048049979,0.7983942512420156,0.1986447968079634,30.0,17.0,7.0,log_loss,random,0.0,,,
DecisionTree,,,,,0.990188373699126,0.7981281050390348,0.1920602686600913,26.0,11.0,7.0,entropy,random,0.001,,,
DecisionTree,,,,,0.9965865701380454,0.7975958126330731,0.1989907575049723,17.0,33.0,8.0,entropy,random,0.0001,,,
DecisionTree,,,,,0.996134092226112,0.7972409510290986,0.1988931411970133,25.0,3.0,12.0,gini,random,1e-06,,,
RandomForest,,,balanced,,0.9984838020845735,0.7971078779276083,0.2013759241569653,20.0,17.0,9.0,,,,150.0,,True
RandomForest,,,,,0.9994760782072348,0.7967973740241305,0.2026787041831043,34.0,6.0,3.0,,,,100.0,,False
RandomForest,,,,,0.9994046343264033,0.7967530163236338,0.2026516180027694,31.0,8.0,3.0,,,,300.0,,False
DecisionTree,,,,,0.9731609154342598,0.7961763662171752,0.1769845492170845,13.0,39.0,16.0,gini,best,0.01,,,
DecisionTree,,,,,0.991307661165488,0.795333569907736,0.1959740912577519,29.0,3.0,10.0,log_loss,random,0.001,,,
DecisionTree,,,,,0.99796781850079,0.7944907735982967,0.2034770449024932,35.0,34.0,11.0,log_loss,best,1e-05,,,
DecisionTree,,,,,0.9985552459654052,0.7942689850958127,0.2042862608695925,27.0,21.0,2.0,log_loss,best,0.0001,,,
DecisionTree,,,,,0.9973327617822868,0.7934705464868701,0.2038622152954166,30.0,5.0,1.0,entropy,random,0.0001,,,
DecisionTree,,,,,0.9976344137235756,0.7926277501774308,0.2050066635461448,10.0,26.0,1.0,gini,best,0.0,,,
RandomForest,,,,,0.9990950441761328,0.7921841731724627,0.2069108710036702,45.0,14.0,4.0,,,,200.0,,False
DecisionTree,,,,,0.9989839092503948,0.7920954577714692,0.2068884514789257,18.0,22.0,3.0,gini,best,1e-06,,,
RandomForest,,,,,0.9990950441761328,0.7920954577714692,0.2069995864046637,29.0,2.0,5.0,,,,150.0,,False
RandomForest,,,,,0.998848959697713,0.7917849538679915,0.2070640058297215,42.0,6.0,6.0,,,,200.0,,False
RandomForest,,,,,0.998848959697713,0.7917849538679915,0.2070640058297215,38.0,4.0,6.0,,,,300.0,,False
RandomForest,,,,,0.998848959697713,0.7917849538679915,0.2070640058297215,39.0,6.0,6.0,,,,300.0,,False
RandomForest,,,,,0.998848959697713,0.7917849538679915,0.2070640058297215,37.0,4.0,6.0,,,,200.0,,False
RandomForest,,,,,0.998848959697713,0.7917849538679915,0.2070640058297215,40.0,4.0,6.0,,,,300.0,,False
DecisionTree,,,,,0.9969914187960912,0.7915188076650106,0.2054726111310806,27.0,3.0,7.0,gini,random,1e-05,,,
DecisionTree,,,,,0.9954514062537212,0.7909421575585521,0.2045092486951689,30.0,15.0,9.0,gini,random,0.0001,,,
DecisionTree,,,,,0.9974915259619124,0.7903655074520937,0.2071260185098188,33.0,14.0,6.0,entropy,random,1e-05,,,
DecisionTree,,,,,0.9915378692259452,0.7903211497515968,0.2012167194743483,22.0,15.0,6.0,entropy,random,0.001,,,
DecisionTree,,,,,0.9823295468076492,0.789833215046132,0.1924963317615172,4.0,6.0,14.0,log_loss,best,1e-05,,,
DecisionTree,,,,,0.9969120367062784,0.789833215046132,0.2070788216601463,23.0,16.0,6.0,log_loss,random,1e-05,,,
DecisionTree,,,,,0.9728036960301016,0.789611426543648,0.1831922694864536,4.0,14.0,9.0,gini,random,1e-05,,,
RandomForest,,,,,0.9996904098497296,0.7893896380411639,0.2103007718085657,38.0,8.0,1.0,,,,150.0,,False
RandomForest,,,,,0.9993093758186278,0.7893452803406671,0.2099640954779607,41.0,7.0,4.0,,,,150.0,,False
RandomForest,,,,,0.9993093758186278,0.7893452803406671,0.2099640954779607,35.0,7.0,4.0,,,,300.0,,False
RandomForest,,,,,0.9993093758186278,0.7893452803406671,0.2099640954779607,24.0,6.0,4.0,,,,200.0,,False
RandomForest,,,,,0.9993093758186278,0.7893452803406671,0.2099640954779607,25.0,6.0,4.0,,,,300.0,,False
DecisionTree,,,,,0.992157049526486,0.7893009226401704,0.2028561268863155,30.0,6.0,8.0,log_loss,random,0.001,,,
DecisionTree,,,,,0.998301223278004,0.7892122072391767,0.2090890160388272,28.0,10.0,9.0,entropy,best,1e-05,,,
DecisionTree,,,,,0.9983091614869852,0.7892122072391767,0.2090969542478086,30.0,10.0,9.0,entropy,best,0.0,,,
DecisionTree,,,,,0.9983091614869852,0.7892122072391767,0.2090969542478086,26.0,7.0,9.0,entropy,best,0.0,,,
DecisionTree,,,,,0.9983091614869852,0.7892122072391767,0.2090969542478086,23.0,6.0,9.0,entropy,best,1e-06,,,
DecisionTree,,,,,0.9989124653695634,0.7885468417317246,0.2103656236378387,20.0,9.0,5.0,log_loss,best,1e-05,,,
DecisionTree,,,,,0.9980630770085652,0.788458126330731,0.2096049506778343,28.0,30.0,11.0,entropy,best,0.0,,,
DecisionTree,,,,,0.9981345208893968,0.788458126330731,0.2096763945586659,34.0,24.0,9.0,log_loss,best,1e-05,,,
DecisionTree,,,,,0.998547307756424,0.7883250532292406,0.2102222545271833,24.0,22.0,5.0,log_loss,best,1e-05,,,
DecisionTree,,,,,0.99673739610869,0.7881919801277502,0.2085454159809397,8.0,29.0,9.0,entropy,best,1e-05,,,
DecisionTree,,,,,0.9980948298444904,0.7877484031227822,0.2103464267217083,29.0,14.0,12.0,entropy,best,1e-05,,,
DecisionTree,,,,,0.9987537011899376,0.7873491838183109,0.2114045173716267,20.0,11.0,6.0,log_loss,best,0.0,,,
DecisionTree,,,,,0.9980948298444904,0.787304826117814,0.2107900037266764,29.0,15.0,13.0,entropy,best,1e-05,,,
DecisionTree,,,,,0.9980948298444904,0.787304826117814,0.2107900037266764,27.0,16.0,13.0,entropy,best,1e-05,,,
DecisionTree,,,,,0.9738674160335944,0.7871717530163236,0.1866956630172709,5.0,29.0,8.0,log_loss,random,1e-05,,,
DecisionTree,,,,,0.9912679701205814,0.7871717530163236,0.2040962171042578,6.0,2.0,13.0,log_loss,best,1e-06,,,
DecisionTree,,,,,0.9984758638755924,0.7871717530163236,0.2113041108592688,27.0,7.0,8.0,log_loss,best,1e-06,,,
DecisionTree,,,,,0.9984758638755924,0.7871717530163236,0.2113041108592688,31.0,5.0,8.0,entropy,best,1e-06,,,
DecisionTree,,,,,0.9982535940241164,0.7869943222143364,0.2112592718097798,23.0,4.0,8.0,log_loss,best,0.0001,,,
DecisionTree,,,,,0.9981424590983782,0.7868612491128459,0.2112812099855322,35.0,10.0,11.0,log_loss,best,1e-06,,,
DecisionTree,,,,,0.9981424590983782,0.7868612491128459,0.2112812099855322,29.0,17.0,11.0,log_loss,best,0.0,,,
DecisionTree,,,,,0.9981424590983782,0.7868612491128459,0.2112812099855322,32.0,15.0,11.0,log_loss,best,1e-05,,,
DecisionTree,,,,,0.9981424590983782,0.7868612491128459,0.2112812099855322,31.0,13.0,11.0,entropy,best,0.0,,,
DecisionTree,,,,,0.9981424590983782,0.7868612491128459,0.2112812099855322,27.0,8.0,11.0,entropy,best,1e-06,,,
DecisionTree,,,,,0.997451834917006,0.7865951029098651,0.2108567320071409,24.0,10.0,7.0,entropy,random,0.0,,,
DecisionTree,,,,,0.9982377176061537,0.7865951029098651,0.2116426146962885,26.0,13.0,10.0,entropy,best,1e-05,,,
DecisionTree,,,,,0.9982377176061537,0.7865951029098651,0.2116426146962885,28.0,18.0,10.0,log_loss,best,1e-05,,,
DecisionTree,,,,,0.9982377176061537,0.7865951029098651,0.2116426146962885,32.0,10.0,10.0,log_loss,best,1e-06,,,
DecisionTree,,,,,0.9986346280552182,0.7864620298083748,0.2121725982468434,24.0,11.0,7.0,entropy,best,1e-05,,,
DecisionTree,,,,,0.9986346280552182,0.7864620298083748,0.2121725982468434,32.0,5.0,7.0,entropy,best,1e-05,,,
DecisionTree,,,,,0.998325037904948,0.7863733144073811,0.2119517234975667,25.0,4.0,7.0,log_loss,best,0.0001,,,
DecisionTree,,,,,0.9985631841743866,0.7862845990063875,0.2122785851679991,33.0,17.0,7.0,entropy,best,0.0,,,
DecisionTree,,,,,0.9985631841743866,0.7862845990063875,0.2122785851679991,24.0,17.0,7.0,log_loss,best,1e-05,,,
DecisionTree,,,,,0.998602875219293,0.7862402413058907,0.2123626339134023,30.0,17.0,6.0,log_loss,best,1e-05,,,
DecisionTree,,,,,0.9986346280552182,0.7861515259048971,0.212483102150321,26.0,16.0,6.0,entropy,best,1e-06,,,
RandomForest,,,,,0.9987457629809562,0.785264371894961,0.2134813910859951,30.0,9.0,7.0,,,,100.0,,True
DecisionTree,,,,,0.9962531653608312,0.7849982256919801,0.2112549396688512,25.0,10.0,13.0,log_loss,random,0.0001,,,
DecisionTree,,,,,0.9736848372270248,0.7848207948899929,0.1888640423370319,5.0,24.0,17.0,entropy,random,0.001,,,
RandomForest,,,,,0.9987854540258628,0.7847320794889993,0.2140533745368634,29.0,2.0,7.0,,,,300.0,,True
DecisionTree,,,,,0.9979916331277338,0.7845546486870121,0.2134369844407216,31.0,8.0,14.0,gini,best,0.0,,,
DecisionTree,,,,,0.9981742119343032,0.7845102909865153,0.213663920947788,28.0,9.0,11.0,gini,best,1e-06,,,
DecisionTree,,,,,0.9981742119343032,0.7845102909865153,0.213663920947788,27.0,6.0,11.0,gini,best,0.0,,,
RandomForest,,,,,0.9987854540258628,0.7842885024840313,0.2144969515418314,24.0,7.0,7.0,,,,300.0,,True
DecisionTree,,,,,0.9852904987576704,0.7839779985805536,0.2013125001771166,23.0,13.0,14.0,gini,random,0.001,,,
DecisionTree,,,,,0.9962769799877752,0.7839336408800568,0.2123433391077184,28.0,15.0,14.0,entropy,random,0.0,,,
DecisionTree,,,,,0.9962769799877752,0.7839336408800568,0.2123433391077184,33.0,2.0,14.0,entropy,random,1e-05,,,
DecisionTree,,,,,0.9976899811864448,0.78388928317956,0.2138006980068847,20.0,15.0,10.0,gini,best,0.0001,,,
DecisionTree,,,,,0.9976899811864448,0.78388928317956,0.2138006980068847,26.0,9.0,11.0,gini,best,0.0001,,,
DecisionTree,,,,,0.9976899811864448,0.78388928317956,0.2138006980068847,24.0,2.0,11.0,gini,best,0.0001,,,
DecisionTree,,,,,0.99649131163027,0.7837118523775728,0.2127794592526971,25.0,11.0,13.0,entropy,random,0.0,,,
DecisionTree,,,,,0.9964754352123074,0.783667494677076,0.2128079405352314,28.0,9.0,13.0,entropy,random,1e-05,,,
DecisionTree,,,,,0.9964754352123074,0.783667494677076,0.2128079405352314,32.0,15.0,13.0,log_loss,random,1e-05,,,
DecisionTree,,,,,0.9964595587943448,0.7835344215755855,0.2129251372187592,28.0,35.0,7.0,log_loss,random,0.0,,,
DecisionTree,,,,,0.9983964817857794,0.7834457061745919,0.2149507756111875,25.0,7.0,9.0,gini,best,1e-06,,,
DecisionTree,,,,,0.9983964817857794,0.7834457061745919,0.2149507756111875,26.0,4.0,9.0,gini,best,1e-06,,,
DecisionTree,,,,,0.9983964817857794,0.7834457061745919,0.2149507756111875,30.0,3.0,9.0,gini,best,1e-05,,,
DecisionTree,,,,,0.9983964817857794,0.7834457061745919,0.2149507756111875,23.0,15.0,9.0,gini,best,1e-05,,,
DecisionTree,,,,,0.9983964817857794,0.7834457061745919,0.2149507756111875,31.0,12.0,9.0,gini,best,1e-05,,,
DecisionTree,,,,,0.9881403157819532,0.7832239176721079,0.2049163981098454,8.0,7.0,17.0,entropy,random,1e-05,,,
RandomForest,,,,,0.9986346280552182,0.7824254790631654,0.2162091489920528,30.0,3.0,8.0,,,,100.0,,True
RandomForest,,,,,0.9987378247719748,0.7824254790631654,0.2163123457088095,35.0,7.0,7.0,,,,100.0,,False
RandomForest,,,,,0.9987378247719748,0.7824254790631654,0.2163123457088095,40.0,6.0,7.0,,,,100.0,,False
RandomForest,,,,,0.998658442682162,0.7819375443577005,0.2167208983244616,38.0,7.0,8.0,,,,200.0,,True
DecisionTree,,,,,0.9972692561104364,0.7818931866572036,0.2153760694532327,29.0,17.0,7.0,log_loss,random,0.0,,,
DecisionTree,,,,,0.9988013304438252,0.7818488289567069,0.2169525014871183,29.0,15.0,1.0,entropy,random,1e-06,,,
RandomForest,,,,,0.9985949370103118,0.7818044712562101,0.2167904657541016,37.0,8.0,8.0,,,,300.0,,False
RandomForest,,,,,0.9986505044731808,0.7817601135557133,0.2168903909174674,22.0,8.0,8.0,,,,150.0,,True
DecisionTree,,,,,0.9986266898462368,0.7816713981547196,0.2169552916915172,30.0,4.0,7.0,gini,best,0.0,,,
DecisionTree,,,,,0.987965675184365,0.7814496096522356,0.2065160655321293,25.0,13.0,15.0,gini,random,0.001,,,
DecisionTree,,,,,0.9977693632762576,0.7808729595457772,0.2168964037304804,14.0,18.0,18.0,entropy,best,1e-06,,,
DecisionTree,,,,,0.997586784469688,0.7808286018452804,0.2167581826244076,30.0,5.0,20.0,log_loss,best,0.0,,,
DecisionTree,,,,,0.9978408071570892,0.7808286018452804,0.2170122053118088,30.0,11.0,16.0,entropy,best,0.0001,,,
DecisionTree,,,,,0.9978487453660704,0.7808286018452804,0.2170201435207901,14.0,38.0,14.0,log_loss,best,0.0001,,,
DecisionTree,,,,,0.9825994459130132,0.7805180979418027,0.2020813479712103,30.0,4.0,10.0,entropy,best,0.01,,,
DecisionTree,,,,,0.9825994459130132,0.7805180979418027,0.2020813479712103,23.0,40.0,7.0,log_loss,best,0.01,,,
DecisionTree,,,,,0.9862907130893128,0.7801632363378282,0.2061274767514845,5.0,5.0,15.0,entropy,best,1e-05,,,
RandomForest,,,balanced,,0.9989839092503948,0.7794535131298793,0.2195303961205156,32.0,8.0,2.0,,,,100.0,log2,True
DecisionTree,,,,,0.9915378692259452,0.7790099361249113,0.2125279331010339,23.0,12.0,16.0,log_loss,random,0.001,,,
DecisionTree,,,,,0.9965706937200828,0.7787437899219305,0.2178269037981524,32.0,6.0,12.0,entropy,random,0.0001,,,
RandomForest,,,,,0.9987378247719748,0.7783445706174592,0.2203932541545157,30.0,2.0,7.0,,,,200.0,,False
RandomForest,,,,,0.9987378247719748,0.7783445706174592,0.2203932541545157,36.0,7.0,7.0,,,,300.0,,False
RandomForest,,,,,0.9987378247719748,0.7783445706174592,0.2203932541545157,33.0,4.0,7.0,,,,300.0,,False
RandomForest,,,balanced,,0.9996665952227858,0.7782114975159687,0.221455097706817,23.0,2.0,2.0,,,,150.0,sqrt,False
DecisionTree,,,,,0.9902677557889388,0.7780784244144784,0.2121893313744605,29.0,17.0,14.0,log_loss,random,0.001,,,
DecisionTree,,,,,0.9847268859199988,0.7780340667139816,0.2066928192060171,33.0,14.0,16.0,gini,random,0.001,,,
RandomForest,,,,,0.999317314027609,0.7779897090134847,0.2213276050141243,22.0,9.0,3.0,,,,100.0,sqrt,False
DecisionTree,,,,,0.9979043128289397,0.7779009936124911,0.2200033192164484,26.0,11.0,16.0,log_loss,best,1e-05,,,
DecisionTree,,,,,0.9979043128289397,0.7779009936124911,0.2200033192164484,25.0,3.0,16.0,entropy,best,1e-05,,,
RandomForest,,,,,0.9985949370103118,0.7777235628105039,0.2208713741998078,24.0,6.0,8.0,,,,150.0,,False
DecisionTree,,,,,0.9969358513332222,0.777235628105039,0.2197002232281831,23.0,15.0,11.0,log_loss,random,1e-05,,,
DecisionTree,,,,,0.9967691489446152,0.7771912704045423,0.2195778785400728,31.0,4.0,12.0,log_loss,random,1e-05,,,
DecisionTree,,,,,0.9967691489446152,0.7771912704045423,0.2195778785400728,32.0,10.0,12.0,entropy,random,1e-05,,,
DecisionTree,,,,,0.9968326546164654,0.7771912704045423,0.2196413842119231,30.0,3.0,12.0,entropy,random,0.0,,,
DecisionTree,,,,,0.9968326546164654,0.7771912704045423,0.2196413842119231,27.0,4.0,12.0,log_loss,random,0.0,,,
DecisionTree,,,,,0.9979360656648648,0.7771469127040455,0.2207891529608192,27.0,11.0,15.0,gini,best,1e-06,,,
RandomForest,,,balanced,,0.999920617910187,0.776792051100071,0.223128566810116,39.0,3.0,1.0,,,,200.0,sqrt,True
DecisionTree,,,,,0.9985790605923492,0.7762597586941093,0.2223193018982397,22.0,9.0,2.0,gini,random,0.0,,,
DecisionTree,,,,,0.9971422447667356,0.7760379701916252,0.2211042745751105,20.0,2.0,9.0,log_loss,random,1e-06,,,
RandomForest,,,,,0.9996030895509356,0.7752838892831796,0.2243192002677558,21.0,4.0,2.0,,,,150.0,sqrt,False
DecisionTree,,,,,0.9978646217840332,0.7749290276792051,0.222935594104828,34.0,13.0,16.0,gini,best,0.0,,,
DecisionTree,,,,,0.9978646217840332,0.7749290276792051,0.222935594104828,33.0,9.0,16.0,gini,best,1e-05,,,
DecisionTree,,,,,0.997642351932557,0.7747072391767211,0.2229351127558358,26.0,12.0,16.0,gini,best,0.0001,,,
RandomForest,,,balanced,,0.9991664880569646,0.7745741660752307,0.2245923219817339,25.0,6.0,4.0,,,,100.0,sqrt,False
DecisionTree,,,,,0.9973248235733054,0.7743523775727467,0.2229724460005587,28.0,17.0,8.0,entropy,random,1e-05,,,
RandomForest,,,balanced,,0.9991664880569646,0.7743523775727467,0.2248141104842179,28.0,6.0,4.0,,,,100.0,sqrt,False
RandomForest,,,balanced,,0.9992538083557588,0.7739975159687722,0.2252562923869865,39.0,2.0,4.0,,,,150.0,sqrt,False
DecisionTree,,,,,0.9980472005906028,0.7739531582682754,0.2240940423223273,18.0,4.0,13.0,entropy,best,0.0001,,,
DecisionTree,,,,,0.9980313241726402,0.7738644428672817,0.2241668813053584,33.0,3.0,14.0,log_loss,best,1e-05,,,
RandomForest,,,balanced,,0.9986346280552182,0.7738644428672817,0.2247701851879364,21.0,5.0,4.0,,,,100.0,sqrt,True
DecisionTree,,,,,0.9980154477546777,0.7737313697657914,0.2242840779888861,30.0,6.0,14.0,log_loss,best,0.0001,,,
DecisionTree,,,,,0.9980233859636588,0.7734652235628106,0.2245581624008483,27.0,4.0,15.0,log_loss,best,0.0,,,
DecisionTree,,,,,0.9980233859636588,0.7734652235628106,0.2245581624008483,28.0,9.0,15.0,log_loss,best,1e-05,,,
DecisionTree,,,,,0.9980233859636588,0.7734652235628106,0.2245581624008483,26.0,11.0,15.0,entropy,best,1e-06,,,
DecisionTree,,,,,0.9980233859636588,0.7734652235628106,0.2245581624008483,30.0,18.0,15.0,log_loss,best,1e-05,,,
RandomForest,,,,,0.99901566208632,0.7733321504613201,0.225683511625,33.0,5.0,2.0,,,,150.0,log2,True
DecisionTree,,,,,0.9851952402498948,0.7731103619588361,0.2120848782910587,29.0,6.0,14.0,gini,random,0.001,,,
RandomForest,,,balanced_subsample,,0.9984679256666112,0.7729772888573456,0.2254906368092655,34.0,3.0,5.0,,,,150.0,sqrt,True
RandomForest,,,,,0.9986266898462368,0.7727111426543648,0.2259155471918721,26.0,10.0,3.0,,,,100.0,log2,False
RandomForest,,,balanced,,0.9991585498479832,0.7727111426543648,0.2264474071936184,19.0,14.0,1.0,,,,200.0,sqrt,True
DecisionTree,,,,,0.9919665325109348,0.7724006387508872,0.2195658937600477,29.0,23.0,1.0,log_loss,random,0.001,,,
RandomForest,,,balanced_subsample,,0.998714010145031,0.7723562810503903,0.2263577290946407,24.0,6.0,4.0,,,,150.0,sqrt,True
RandomForest,,,,,0.999452263580291,0.7719127040454223,0.2275395595348687,32.0,2.0,2.0,,,,200.0,sqrt,True
DecisionTree,,,,,0.9953561477459456,0.7714247693399574,0.2239313784059882,16.0,26.0,19.0,gini,random,1e-06,,,
RandomForest,,,balanced,,0.9992299937288148,0.7709811923349894,0.2282488013938255,41.0,5.0,4.0,,,,200.0,sqrt,False
RandomForest,,,balanced_subsample,,0.9984520492486484,0.7701827537260468,0.2282692955226016,36.0,4.0,5.0,,,,200.0,sqrt,True
RandomForest,,,balanced,,0.9987616393989188,0.7701827537260468,0.228578885672872,31.0,15.0,5.0,,,,200.0,sqrt,False
RandomForest,,,balanced_subsample,,0.9994602017892724,0.7700053229240597,0.2294548788652126,24.0,3.0,2.0,,,,200.0,sqrt,True
RandomForest,,,,,0.999944432537131,0.769694819020582,0.2302496135165489,24.0,2.0,1.0,,,,300.0,sqrt,False
RandomForest,,,balanced_subsample,,0.9983091614869852,0.7695173882185947,0.2287917732683906,26.0,17.0,6.0,,,,150.0,sqrt,True
RandomForest,,,balanced,,0.9989680328324324,0.7695173882185947,0.2294506446138375,29.0,4.0,3.0,,,,100.0,sqrt,True
RandomForest,,,,,0.9991109205940956,0.7695173882185947,0.2295935323755008,16.0,18.0,1.0,,,,300.0,sqrt,False
RandomForest,,,balanced_subsample,,0.9993808196994594,0.7695173882185947,0.2298634314808646,33.0,7.0,2.0,,,,200.0,sqrt,True
RandomForest,,,balanced,,0.9992379319377962,0.7694730305180979,0.2297649014196983,38.0,11.0,2.0,,,,200.0,sqrt,True
RandomForest,,,balanced,,0.998960094623451,0.7692512420156139,0.2297088526078371,47.0,12.0,5.0,,,,200.0,sqrt,False
RandomForest,,,balanced,,0.9991664880569646,0.7692068843151171,0.2299596037418475,21.0,11.0,1.0,,,,100.0,log2,True
RandomForest,,,balanced,,0.9989918474593762,0.7691625266146203,0.2298293208447559,42.0,5.0,3.0,,,,300.0,sqrt,True
RandomForest,,,balanced,,0.9995237074611226,0.7690738112136267,0.2304498962474959,37.0,4.0,3.0,,,,100.0,sqrt,False
RandomForest,,,,,0.9979836949187524,0.7690294535131299,0.2289542414056224,34.0,5.0,8.0,,,,150.0,sqrt,True
RandomForest,,,,,0.9997062862676924,0.7687189496096523,0.23098733665804,38.0,7.0,2.0,,,,150.0,sqrt,False
RandomForest,,,,,0.9980233859636588,0.7686302342086586,0.2293931517550003,30.0,3.0,6.0,,,,50.0,log2,False
RandomForest,,,balanced,,0.998658442682162,0.7686302342086586,0.2300282084735034,39.0,19.0,5.0,,,,50.0,sqrt,False
RandomForest,,,balanced,,0.9985869988013304,0.7684084457061746,0.2301785530951557,37.0,7.0,7.0,,,,150.0,sqrt,False
RandomForest,,,balanced,,0.9985869988013304,0.7684084457061746,0.2301785530951557,37.0,5.0,7.0,,,,150.0,sqrt,False
RandomForest,,,balanced,,0.9995713367150104,0.768319730305181,0.2312516064098293,19.0,6.0,1.0,,,,100.0,sqrt,True
RandomForest,,,,,0.9997380391036176,0.768319730305181,0.2314183087984365,25.0,2.0,2.0,,,,300.0,sqrt,False
DecisionTree,,,,,0.9954910972986276,0.7680535841022001,0.2274375131964273,25.0,30.0,18.0,log_loss,best,0.001,,,
DecisionTree,,,,,0.9954910972986276,0.7680535841022001,0.2274375131964273,28.0,10.0,4.0,log_loss,best,0.001,,,
DecisionTree,,,,,0.9954910972986276,0.7680535841022001,0.2274375131964273,28.0,5.0,10.0,log_loss,best,0.001,,,
DecisionTree,,,,,0.9954910972986276,0.7680535841022001,0.2274375131964273,30.0,13.0,8.0,log_loss,best,0.001,,,
DecisionTree,,,,,0.9954910972986276,0.7680535841022001,0.2274375131964273,28.0,14.0,15.0,entropy,best,0.001,,,
DecisionTree,,,,,0.9954910972986276,0.7680535841022001,0.2274375131964273,30.0,9.0,9.0,log_loss,best,0.001,,,
DecisionTree,,,,,0.9954910972986276,0.7680535841022001,0.2274375131964273,24.0,14.0,9.0,entropy,best,0.001,,,
DecisionTree,,,,,0.9954910972986276,0.7680535841022001,0.2274375131964273,26.0,12.0,12.0,entropy,best,0.001,,,
DecisionTree,,,,,0.9954910972986276,0.7680535841022001,0.2274375131964273,32.0,7.0,10.0,entropy,best,0.001,,,
DecisionTree,,,,,0.9954910972986276,0.7680535841022001,0.2274375131964273,26.0,6.0,11.0,log_loss,best,0.001,,,
DecisionTree,,,,,0.9954910972986276,0.7680535841022001,0.2274375131964273,31.0,8.0,13.0,log_loss,best,0.001,,,
DecisionTree,,,,,0.9954910972986276,0.7680535841022001,0.2274375131964273,32.0,3.0,12.0,log_loss,best,0.001,,,
DecisionTree,,,,,0.9954910972986276,0.7680535841022001,0.2274375131964273,31.0,5.0,9.0,log_loss,best,0.001,,,
RandomForest,,,,,0.9994840164162162,0.7675656493967353,0.2319183670194808,26.0,16.0,2.0,,,,150.0,sqrt,False
RandomForest,,,balanced,,0.998848959697713,0.7673438608942512,0.2315050988034618,29.0,8.0,2.0,,,,300.0,log2,True
RandomForest,,,balanced,,0.9994840164162162,0.7672551454932577,0.2322288709229585,35.0,7.0,3.0,,,,150.0,sqrt,False
RandomForest,,,,,0.998078953426528,0.7671220723917672,0.2309568810347606,37.0,3.0,6.0,,,,150.0,log2,False
RandomForest,,,balanced_subsample,,0.997999571336715,0.76694464158978,0.2310549297469349,21.0,8.0,4.0,,,,100.0,log2,True
RandomForest,,,,,0.9980154477546777,0.76694464158978,0.2310708061648975,32.0,5.0,6.0,,,,150.0,log2,False
RandomForest,,,balanced,,0.9995237074611226,0.7669002838892832,0.2326234235718394,34.0,2.0,3.0,,,,300.0,sqrt,False
RandomForest,,,balanced,,0.999642780595842,0.7669002838892832,0.2327424967065587,23.0,7.0,2.0,,,,300.0,sqrt,False
DecisionTree,,,,,0.9975391552158002,0.7668115684882896,0.2307275867275106,33.0,15.0,7.0,entropy,random,0.0,,,
RandomForest,,,balanced_subsample,,0.9986901955180872,0.7668115684882896,0.2318786270297976,28.0,3.0,4.0,,,,100.0,sqrt,True
RandomForest,,,balanced,,0.9995475220880664,0.7668115684882896,0.2327359535997769,28.0,2.0,3.0,,,,100.0,sqrt,False
RandomForest,,,balanced,,0.999920617910187,0.7667228530872959,0.2331977648228911,38.0,6.0,1.0,,,,300.0,log2,False
RandomForest,,,balanced_subsample,,0.9983647289498544,0.7666341376863024,0.2317305912635519,28.0,7.0,3.0,,,,300.0,log2,True
RandomForest,,,balanced,,0.9998412358203742,0.7666341376863024,0.2332070981340718,34.0,2.0,2.0,,,,300.0,sqrt,False
RandomForest,,,balanced,,0.9985949370103118,0.7665897799858056,0.2320051570245062,21.0,8.0,2.0,,,,150.0,log2,True
RandomForest,,,balanced,,0.9987457629809562,0.7665010645848119,0.2322446983961442,38.0,5.0,4.0,,,,150.0,sqrt,True
RandomForest,,,balanced,,0.9996586570138044,0.7663236337828248,0.2333350232309797,36.0,9.0,2.0,,,,150.0,sqrt,False
RandomForest,,,balanced,,0.9987775158168812,0.7662349183818311,0.2325425974350502,22.0,8.0,3.0,,,,150.0,log2,False
RandomForest,,,,,0.998928341787526,0.7661905606813343,0.2327377811061916,24.0,5.0,3.0,,,,300.0,sqrt,True
RandomForest,,,balanced,,0.9985949370103118,0.7661018452803406,0.2324930917299711,15.0,18.0,3.0,,,,200.0,sqrt,False
RandomForest,,,,,0.9971422447667356,0.7660574875798438,0.2310847571868919,39.0,2.0,8.0,,,,100.0,log2,False
RandomForest,,,balanced,,0.9987457629809562,0.7660131298793471,0.232732633101609,37.0,5.0,4.0,,,,100.0,sqrt,True
RandomForest,,,balanced_subsample,,0.9986108134282744,0.7659687721788503,0.232642041249424,23.0,3.0,4.0,,,,100.0,sqrt,True
RandomForest,,,balanced,,0.9995237074611226,0.7658800567778566,0.2336436506832659,32.0,3.0,3.0,,,,300.0,sqrt,False
RandomForest,,,,,0.9998412358203742,0.7658800567778566,0.2339611790425175,34.0,2.0,2.0,,,,100.0,sqrt,False
RandomForest,,,balanced,,0.9983329761139292,0.7657026259758695,0.2326303501380596,38.0,4.0,6.0,,,,150.0,sqrt,True
RandomForest,,,balanced,,0.9983329761139292,0.7657026259758695,0.2326303501380596,38.0,5.0,6.0,,,,150.0,sqrt,True
RandomForest,,,,,0.9978884364109768,0.7656582682753726,0.2322301681356042,36.0,4.0,4.0,,,,100.0,log2,True
RandomForest,,,balanced,,0.998301223278004,0.765569552874379,0.2327316704036249,42.0,8.0,6.0,,,,200.0,sqrt,True
RandomForest,,,,,0.998571122383368,0.7655251951738822,0.2330459272094857,31.0,14.0,6.0,,,,150.0,sqrt,False
RandomForest,,,balanced_subsample,,0.9984679256666112,0.7654364797728885,0.2330314458937226,35.0,2.0,5.0,,,,300.0,sqrt,True
RandomForest,,,,,0.9986663808911432,0.765347764371895,0.2333186165192483,24.0,7.0,6.0,,,,300.0,sqrt,False
RandomForest,,,,,0.9982615322330975,0.7651259758694109,0.2331355563636866,41.0,14.0,3.0,,,,150.0,log2,True
RandomForest,,,balanced_subsample,,0.998436172830686,0.7651259758694109,0.233310196961275,32.0,10.0,3.0,,,,100.0,log2,True
RandomForest,,,balanced,,0.9989521564144698,0.7651259758694109,0.2338261805450588,38.0,6.0,2.0,,,,200.0,log2,True
RandomForest,,,,,0.9992299937288148,0.7649929027679205,0.2342370909608944,32.0,5.0,4.0,,,,200.0,sqrt,False
RandomForest,,,balanced_subsample,,0.9973803910361744,0.7647711142654364,0.2326092767707379,32.0,8.0,6.0,,,,100.0,log2,True
RandomForest,,,balanced,,0.9973883292451556,0.7647267565649397,0.232661572680216,,7.0,6.0,,,,200.0,log2,True
RandomForest,,,balanced,,0.9973883292451556,0.7647267565649397,0.232661572680216,35.0,9.0,6.0,,,,200.0,log2,True
RandomForest,,,balanced,,0.9998174211934304,0.7647267565649397,0.2350906646284906,34.0,2.0,2.0,,,,100.0,sqrt,False
RandomForest,,,,,0.9978963746199584,0.7646823988644429,0.2332139757555154,22.0,9.0,6.0,,,,100.0,log2,False
RandomForest,,,,,0.9991823644749273,0.7645936834634492,0.2345886810114779,40.0,4.0,4.0,,,,100.0,sqrt,False
RandomForest,,,,,0.9994681399982536,0.7645936834634492,0.2348744565348043,41.0,8.0,3.0,,,,300.0,sqrt,False
RandomForest,,,balanced,,0.9980154477546777,0.7645493257629524,0.2334661219917251,23.0,8.0,4.0,,,,200.0,log2,True
RandomForest,,,balanced,,0.9986743191001246,0.7645493257629524,0.2341249933371721,29.0,3.0,4.0,,,,300.0,sqrt,True
RandomForest,,,,,0.9992934994006653,0.764194464158978,0.2350990352416873,25.0,2.0,2.0,,,,150.0,log2,False
RandomForest,,,balanced,,0.9986743191001246,0.7641501064584811,0.2345242126416434,24.0,8.0,4.0,,,,300.0,sqrt,True
RandomForest,,,,,0.9989918474593762,0.7641501064584811,0.234841741000895,32.0,2.0,3.0,,,,100.0,sqrt,True
RandomForest,,,balanced_subsample,,0.9973089471553428,0.7639283179559971,0.2333806291993456,22.0,2.0,7.0,,,,300.0,log2,True
RandomForest,,,balanced_subsample,,0.9981186444714344,0.7639283179559971,0.2341903265154372,35.0,10.0,4.0,,,,200.0,log2,True
RandomForest,,,balanced,,0.9997380391036176,0.7639283179559971,0.2358097211476203,30.0,7.0,2.0,,,,100.0,sqrt,False
RandomForest,,,,,0.9984282346217046,0.7638396025550035,0.2345886320667011,42.0,4.0,3.0,,,,100.0,log2,True
RandomForest,,,,,0.9986425662641994,0.7637065294535131,0.2349360368106863,30.0,3.0,4.0,,,,300.0,sqrt,True
RandomForest,,,,,0.998055138799584,0.7636621717530163,0.2343929670465677,26.0,2.0,4.0,,,,300.0,log2,True
RandomForest,,,,,0.998602875219293,0.7636621717530163,0.2349407034662767,29.0,15.0,3.0,,,,150.0,log2,False
RandomForest,,,balanced,,0.9986743191001246,0.7636621717530163,0.2350121473471083,31.0,3.0,4.0,,,,300.0,sqrt,True
RandomForest,,,balanced,,0.9969199749152596,0.7634403832505323,0.2334795916647273,30.0,6.0,8.0,,,,100.0,log2,True
RandomForest,,,balanced,,0.998325037904948,0.7634403832505323,0.2348846546544155,40.0,12.0,5.0,,,,200.0,log2,False
RandomForest,,,,,0.9984838020845735,0.7633960255500355,0.2350877765345381,23.0,10.0,7.0,,,,150.0,sqrt,False
RandomForest,,,,,0.998412358203742,0.7633516678495387,0.2350606903542034,31.0,8.0,8.0,,,,200.0,sqrt,False
RandomForest,,,balanced_subsample,,0.9984679256666112,0.7633516678495387,0.2351162578170724,36.0,11.0,5.0,,,,300.0,sqrt,True
RandomForest,,,,,0.9983726671588355,0.763262952448545,0.2351097147102906,28.0,6.0,6.0,,,,100.0,sqrt,True
RandomForest,,,,,0.9986266898462368,0.763262952448545,0.2353637373976919,42.0,2.0,4.0,,,,300.0,sqrt,True
RandomForest,,,,,0.9967215196907274,0.7632185947480482,0.2335029249426792,33.0,7.0,7.0,,,,100.0,log2,True
RandomForest,,,balanced,,0.9984996785025364,0.7632185947480482,0.235281083754488,30.0,4.0,8.0,,,,100.0,sqrt,False
RandomForest,,,,,0.9991903026839084,0.7632185947480482,0.2359717079358602,30.0,7.0,4.0,,,,100.0,sqrt,False
RandomForest,,,,,0.996221412524906,0.7631742370475515,0.2330471754773546,10.0,4.0,8.0,,,,200.0,sqrt,True
RandomForest,,,,,0.997999571336715,0.7631742370475515,0.2348253342891635,29.0,3.0,6.0,,,,200.0,log2,False
RandomForest,,,balanced,,0.997999571336715,0.7631742370475515,0.2348253342891635,35.0,6.0,6.0,,,,300.0,log2,False
RandomForest,,,balanced,,0.9994046343264033,0.763041163946061,0.2363634703803422,27.0,7.0,2.0,,,,100.0,log2,False
RandomForest,,,balanced,,0.9979916331277338,0.7629968062455642,0.2349948268821695,31.0,6.0,8.0,,,,150.0,sqrt,True
RandomForest,,,,,0.998301223278004,0.7628637331440739,0.2354374901339301,22.0,10.0,6.0,,,,200.0,sqrt,True
RandomForest,,,balanced,,0.9987775158168812,0.7628637331440739,0.2359137826728075,21.0,3.0,2.0,,,,150.0,log2,True
RandomForest,,,balanced,,0.9984996785025364,0.762819375443577,0.2356803030589592,42.0,7.0,8.0,,,,100.0,sqrt,False
RandomForest,,,balanced,,0.9988251450707692,0.7627750177430802,0.2360501273276889,27.0,3.0,6.0,,,,100.0,sqrt,False
RandomForest,,,balanced,,0.9984679256666112,0.7627306600425834,0.2357372656240277,38.0,5.0,4.0,,,,300.0,log2,False
RandomForest,,,balanced,,0.9980233859636588,0.7626863023420866,0.2353370836215723,40.0,3.0,8.0,,,,300.0,sqrt,True
RandomForest,,,balanced_subsample,,0.9966103847649892,0.7626419446415897,0.2339684401233995,28.0,5.0,8.0,,,,150.0,log2,True
DecisionTree,,,,,0.9957371817770476,0.7625532292405962,0.2331839525364513,25.0,17.0,16.0,entropy,random,1e-05,,,
RandomForest,,,,,0.9968405928254468,0.7625088715400994,0.2343317212853473,12.0,15.0,1.0,,,,100.0,log2,True
RandomForest,,,,,0.9981980265612472,0.7624645138396026,0.2357335127216446,23.0,6.0,5.0,,,,300.0,log2,False
RandomForest,,,balanced,,0.9984044199947608,0.7624645138396026,0.2359399061551582,35.0,6.0,5.0,,,,200.0,log2,False
RandomForest,,,balanced,,0.9984520492486484,0.7624201561391057,0.2360318931095427,34.0,6.0,4.0,,,,300.0,log2,False
RandomForest,,,balanced,,0.9987060719360498,0.7624201561391057,0.236285915796944,22.0,3.0,3.0,,,,100.0,log2,False
RandomForest,,,,,0.9986743191001246,0.7623757984386089,0.2362985206615157,23.0,4.0,3.0,,,,300.0,log2,False
RandomForest,,,balanced_subsample,,0.9980392623816214,0.7622870830376153,0.2357521793440061,40.0,7.0,4.0,,,,300.0,log2,True
RandomForest,,,,,0.9980154477546777,0.7622427253371186,0.2357727224175589,29.0,6.0,6.0,,,,300.0,log2,False
RandomForest,,,balanced_subsample,,0.9980472005906028,0.7621540099361249,0.2358931906544777,34.0,3.0,4.0,,,,300.0,log2,True
RandomForest,,,balanced,,0.9994046343264033,0.7621540099361249,0.2372506243902783,22.0,18.0,1.0,,,,200.0,log2,False
RandomForest,,,balanced,,0.9987695776079,0.7621096522356281,0.2366599253722719,29.0,4.0,6.0,,,,150.0,sqrt,False
RandomForest,,,,,0.9983329761139292,0.7620209368346345,0.2363120392792946,25.0,4.0,6.0,,,,300.0,sqrt,True
RandomForest,,,balanced,,0.9978804982019956,0.7619322214336409,0.2359482767683547,23.0,4.0,6.0,,,,150.0,log2,False
RandomForest,,,balanced,,0.9994919546251976,0.7618435060326473,0.2376484485925502,33.0,5.0,2.0,,,,300.0,log2,False
RandomForest,,,,,0.9980392623816214,0.7616217175301633,0.2364175448514581,41.0,4.0,6.0,,,,200.0,log2,False
RandomForest,,,balanced_subsample,,0.9982377176061537,0.7615773598296665,0.2366603577764872,38.0,10.0,7.0,,,,300.0,sqrt,True
RandomForest,,,,,0.9980154477546777,0.7615330021291696,0.2364824456255079,38.0,8.0,8.0,,,,300.0,sqrt,True
RandomForest,,,,,0.9983726671588355,0.7614886444286728,0.2368840227301628,24.0,5.0,4.0,,,,200.0,log2,False
RandomForest,,,balanced,,0.9991347352210396,0.7614886444286728,0.2376460907923666,41.0,5.0,2.0,,,,150.0,log2,True
RandomForest,,,balanced_subsample,,0.9984520492486484,0.761444286728176,0.2370077625204725,22.0,18.0,2.0,,,,200.0,log2,True
RandomForest,,,,,0.9968961602883156,0.7613555713271823,0.2355405889611334,34.0,7.0,7.0,,,,150.0,log2,True
RandomForest,,,,,0.9982059647702284,0.7613555713271823,0.2368503934430461,24.0,5.0,7.0,,,,300.0,sqrt,True
RandomForest,,,,,0.9989442182054884,0.7613555713271823,0.2375886468783061,30.0,5.0,2.0,,,,300.0,log2,True
RandomForest,,,,,0.9977614250672764,0.7613112136266856,0.2364502114405906,15.0,13.0,3.0,,,,100.0,log2,False
RandomForest,,,balanced,,0.9979281274558834,0.7612668559261888,0.2366612715296946,39.0,4.0,5.0,,,,300.0,log2,True
RandomForest,,,,,0.998436172830686,0.7612668559261888,0.2371693169044971,25.0,8.0,4.0,,,,100.0,log2,False
RandomForest,,,,,0.99796781850079,0.761222498225692,0.2367453202750978,28.0,7.0,8.0,,,,200.0,sqrt,True
RandomForest,,,balanced,,0.9974756495439498,0.7611781405251952,0.2362975090187546,33.0,2.0,8.0,,,,100.0,log2,False
RandomForest,,,balanced_subsample,,0.9982853468600414,0.7611781405251952,0.2371072063348462,33.0,8.0,6.0,,,,150.0,sqrt,True
RandomForest,,,balanced_subsample,,0.9984044199947608,0.7610894251242015,0.2373149948705593,34.0,4.0,3.0,,,,300.0,log2,True
RandomForest,,,balanced_subsample,,0.9983170996959666,0.7610450674237047,0.2372720322722619,30.0,7.0,6.0,,,,300.0,sqrt,True
RandomForest,,,balanced_subsample,,0.9983409143229104,0.7610450674237047,0.2372958468992058,35.0,4.0,3.0,,,,150.0,log2,True
RandomForest,,,,,0.9979757567097712,0.761000709723208,0.2369750469865631,26.0,2.0,6.0,,,,300.0,log2,False
RandomForest,,,,,0.9984758638755924,0.761000709723208,0.2374751541523844,24.0,5.0,7.0,,,,150.0,sqrt,False
RandomForest,,,,,0.997205750438586,0.7609119943222143,0.2362937561163717,39.0,7.0,6.0,,,,300.0,log2,True
RandomForest,,,,,0.9985076167115176,0.7608676366217175,0.2376399800898,30.0,4.0,7.0,,,,200.0,sqrt,False
RandomForest,,,,,0.998658442682162,0.7608676366217175,0.2377908060604445,32.0,5.0,6.0,,,,300.0,sqrt,False
RandomForest,,,,,0.9979519420828272,0.7608232789212207,0.2371286631616065,26.0,7.0,8.0,,,,100.0,sqrt,True
RandomForest,,,,,0.9984599874576298,0.7608232789212207,0.237636708536409,26.0,4.0,3.0,,,,300.0,log2,True
RandomForest,,,,,0.9977931779032014,0.7607789212207239,0.2370142566824775,21.0,13.0,6.0,,,,150.0,log2,False
RandomForest,,,,,0.9972136886475672,0.7607345635202271,0.2364791251273402,26.0,2.0,6.0,,,,300.0,log2,True
RandomForest,,,,,0.997094615512848,0.7605127750177431,0.2365818404951049,28.0,3.0,8.0,,,,150.0,log2,False
RandomForest,,,balanced,,0.9973803910361744,0.7604240596167494,0.2369563314194249,41.0,2.0,6.0,,,,150.0,log2,True
RandomForest,,,,,0.9986743191001246,0.7604240596167494,0.2382502594833752,33.0,9.0,3.0,,,,200.0,log2,False
RandomForest,,,,,0.9984758638755924,0.7603353442157559,0.2381405196598365,31.0,5.0,3.0,,,,300.0,log2,True
RandomForest,,,balanced,,0.9993887579084408,0.7602909865152591,0.2390977713931816,29.0,6.0,2.0,,,,150.0,log2,False
RandomForest,,,,,0.9994363871623284,0.7602022711142654,0.239234116048063,20.0,8.0,1.0,,,,200.0,log2,False
RandomForest,,,,,0.9966818286458208,0.7601135557132718,0.2365682729325491,39.0,5.0,7.0,,,,300.0,log2,True
RandomForest,,,balanced_subsample,,0.998356790740873,0.7601135557132718,0.2382432350276012,34.0,2.0,6.0,,,,100.0,sqrt,True
RandomForest,,,,,0.9984838020845735,0.7599804826117814,0.2385033194727922,26.0,5.0,5.0,,,,100.0,sqrt,True
RandomForest,,,,,0.9984679256666112,0.759847409510291,0.2386205161563201,33.0,3.0,3.0,,,,300.0,log2,True
RandomForest,,,balanced,,0.997944003873846,0.759625621007807,0.238318382866039,28.0,4.0,7.0,,,,150.0,log2,False
RandomForest,,,,,0.9984917402935548,0.759625621007807,0.2388661192857479,29.0,4.0,3.0,,,,300.0,log2,True
RandomForest,,,balanced,,0.9984996785025364,0.759625621007807,0.2388740574947293,19.0,10.0,3.0,,,,100.0,log2,False
RandomForest,,,,,0.9987616393989188,0.7594481902058198,0.239313449193099,40.0,4.0,3.0,,,,300.0,log2,False
DecisionTree,,,,,0.9961261540171308,0.759403832505323,0.2367223215118077,28.0,17.0,16.0,log_loss,random,1e-05,,,
DecisionTree,,,,,0.9961261540171308,0.759403832505323,0.2367223215118077,30.0,14.0,16.0,entropy,random,1e-05,,,
RandomForest,,,,,0.9982774086510602,0.759403832505323,0.2388735761457372,40.0,2.0,5.0,,,,300.0,log2,False
RandomForest,,,balanced_subsample,,0.9986743191001246,0.759403832505323,0.2392704865948016,25.0,10.0,2.0,,,,200.0,log2,True
RandomForest,,,,,0.9974121438720996,0.7592264017033357,0.2381857421687638,27.0,6.0,8.0,,,,300.0,log2,False
RandomForest,,,,,0.9984441110396672,0.7592264017033357,0.2392177093363315,32.0,4.0,4.0,,,,300.0,log2,False
RandomForest,,,,,0.9984520492486484,0.7591376863023421,0.2393143629463063,27.0,3.0,4.0,,,,300.0,log2,False
RandomForest,,,,,0.9994919546251976,0.7588715400993612,0.2406204145258362,35.0,6.0,2.0,,,,300.0,log2,False
RandomForest,,,,,0.9988410214887316,0.7588271823988645,0.2400138390898671,35.0,8.0,2.0,,,,300.0,log2,True
RandomForest,,,,,0.9983726671588355,0.7586053938963804,0.2397672732624552,26.0,6.0,4.0,,,,300.0,log2,False
LogisticRegression,29362.18523304597,lbfgs,balanced,2000.0,0.9767648623117652,0.7585610361958836,0.2182038261158816,,,,,,,,,
RandomForest,,,,,0.9974359584990434,0.7585166784953868,0.2389192800036566,20.0,5.0,5.0,,,,300.0,log2,True
LogisticRegression,29650.57504708152,lbfgs,balanced,5000.0,0.9766378509680644,0.75847232079489,0.2181655301731745,,,,,,,,,
LogisticRegression,150537.91587022526,lbfgs,balanced,5000.0,0.976812491565653,0.7584279630943932,0.2183845284712597,,,,,,,,,
RandomForest,,,,,0.9995157692521414,0.7584279630943932,0.2410878061577481,36.0,2.0,2.0,,,,300.0,log2,False
LogisticRegression,32909.50856955536,lbfgs,balanced,3000.0,0.9762250641010376,0.7583392476933996,0.2178858164076379,,,,,,,,,
LogisticRegression,109665.03940738789,lbfgs,balanced,2000.0,0.9767251712668588,0.7583392476933996,0.2183859235734592,,,,,,,,,
RandomForest,,,,,0.9994998928341788,0.7583392476933996,0.2411606451407791,41.0,5.0,2.0,,,,200.0,log2,False
RandomForest,,,,,0.9980472005906028,0.7582948899929027,0.2397523105976999,30.0,17.0,9.0,,,,200.0,sqrt,True
LogisticRegression,152322.95914307082,lbfgs,balanced,2000.0,0.976455272161495,0.7581618168914124,0.2182934552700826,,,,,,,,,
LogisticRegression,175074.5823340603,lbfgs,balanced,2000.0,0.9765584688782516,0.7581618168914124,0.2183966519868393,,,,,,,,,
LogisticRegression,526614.388984017,lbfgs,balanced,5000.0,0.9764790867884388,0.7581174591909156,0.2183616275975232,,,,,,,,,
LogisticRegression,48034.36017444155,lbfgs,balanced,3000.0,0.9767251712668588,0.7581174591909156,0.2186077120759432,,,,,,,,,
RandomForest,,,balanced,,0.9987695776079,0.7580731014904187,0.2406964761174813,42.0,6.0,6.0,,,,100.0,sqrt,False
RandomForest,,,balanced,,0.9965627555111016,0.7580287437899219,0.2385340117211797,10.0,15.0,10.0,,,,150.0,sqrt,False
RandomForest,,,,,0.9963881149135132,0.7579843860894251,0.2384037288240881,36.0,8.0,8.0,,,,200.0,log2,True
RandomForest,,,,,0.9972454414834924,0.7579843860894251,0.2392610553940674,25.0,7.0,6.0,,,,100.0,log2,True
LogisticRegression,32514.795387567912,lbfgs,balanced,5000.0,0.97648702499742,0.7578956706884316,0.2185913543089885,,,,,,,,,
LogisticRegression,284090.4957347081,lbfgs,balanced,5000.0,0.9764632103704762,0.7578513129879347,0.2186118973825415,,,,,,,,,
LogisticRegression,20725.562873035564,lbfgs,balanced,3000.0,0.9764711485794576,0.7578513129879347,0.2186198355915227,,,,,,,,,
LogisticRegression,83475.84847163084,lbfgs,balanced,3000.0,0.97648702499742,0.7578513129879347,0.2186357120094854,,,,,,,,,
LogisticRegression,5684.879281846022,lbfgs,balanced,2000.0,0.976566407087233,0.7578513129879347,0.2187150940992982,,,,,,,,,
LogisticRegression,77874.96158035278,lbfgs,balanced,2000.0,0.976566407087233,0.7578513129879347,0.2187150940992982,,,,,,,,,
LogisticRegression,30560.492877533303,lbfgs,balanced,3000.0,0.9764235193255698,0.7578069552874379,0.2186165640381319,,,,,,,,,
LogisticRegression,279198.718132203,lbfgs,balanced,2000.0,0.9765187778333452,0.7578069552874379,0.2187118225459073,,,,,,,,,
LogisticRegression,30460.216292421857,lbfgs,balanced,3000.0,0.9763282608177944,0.7577625975869411,0.2185656632308532,,,,,,,,,
LogisticRegression,125592.8234619646,lbfgs,balanced,3000.0,0.9763600136537196,0.7577625975869411,0.2185974160667784,,,,,,,,,
LogisticRegression,15230.911691560888,lbfgs,balanced,2000.0,0.9766378509680644,0.7577625975869411,0.2188752533811234,,,,,,,,,
LogisticRegression,4761.999658885406,lbfgs,balanced,3000.0,0.9767648623117652,0.7577625975869411,0.2190022647248241,,,,,,,,,
LogisticRegression,54070.23361732261,liblinear,balanced,5000.0,0.976129805593262,0.7577182398864443,0.2184115657068177,,,,,,,,,
LogisticRegression,258279.49915164933,lbfgs,balanced,3000.0,0.9762726933549252,0.7577182398864443,0.218554453468481,,,,,,,,,
LogisticRegression,3659.6420213218425,lbfgs,balanced,3000.0,0.9763917664896448,0.7577182398864443,0.2186735266032003,,,,,,,,,
LogisticRegression,157310.24879131137,liblinear,balanced,5000.0,0.9761218673842808,0.7576738821859474,0.2184479851983333,,,,,,,,,
LogisticRegression,280110.42547739105,lbfgs,balanced,2000.0,0.9767251712668588,0.7576738821859474,0.2190512890809113,,,,,,,,,
LogisticRegression,81094.18588271894,liblinear,balanced,2000.0,0.9760901145483556,0.7576295244854506,0.2184605900629049,,,,,,,,,
LogisticRegression,29286.06027754328,liblinear,balanced,3000.0,0.9760901145483556,0.7576295244854506,0.2184605900629049,,,,,,,,,
LogisticRegression,122565.97492049374,liblinear,balanced,3000.0,0.9761139291752996,0.7576295244854506,0.2184844046898488,,,,,,,,,
LogisticRegression,25883.05236845038,lbfgs,balanced,2000.0,0.9764790867884388,0.7576295244854506,0.2188495623029881,,,,,,,,,
LogisticRegression,252453.99143548595,lbfgs,,2000.0,0.9757884626070666,0.7575851667849539,0.2182032958221127,,,,,,,,,
LogisticRegression,21276.39100187464,liblinear,balanced,5000.0,0.9761377438022434,0.7575851667849539,0.2185525770172894,,,,,,,,,
LogisticRegression,245146.35277552388,lbfgs,,3000.0,0.9753836139490208,0.7575408090844571,0.2178428048645637,,,,,,,,,
LogisticRegression,1772.831807728592,liblinear,balanced,2000.0,0.9761139291752996,0.7575408090844571,0.2185731200908424,,,,,,,,,
LogisticRegression,185688.6664241972,liblinear,balanced,3000.0,0.9761377438022434,0.7575408090844571,0.2185969347177863,,,,,,,,,
LogisticRegression,44003.109862744655,lbfgs,balanced,2000.0,0.9766060981321394,0.7575408090844571,0.2190652890476823,,,,,,,,,
LogisticRegression,853855.9707005654,lbfgs,balanced,2000.0,0.9762250641010376,0.7574964513839603,0.2187286127170772,,,,,,,,,
LogisticRegression,25705.246048421795,lbfgs,balanced,2000.0,0.976598159923158,0.7574520936834634,0.2191460662396946,,,,,,,,,
LogisticRegression,206513.2130045133,liblinear,balanced,5000.0,0.976129805593262,0.7574077359829666,0.2187220696102954,,,,,,,,,
LogisticRegression,362435.5910340512,liblinear,balanced,3000.0,0.976153620220206,0.7574077359829666,0.2187458842372392,,,,,,,,,
LogisticRegression,712646.736255426,lbfgs,balanced,3000.0,0.9762806315639064,0.7574077359829666,0.2188728955809399,,,,,,,,,
RandomForest,,,balanced,,0.997642351932557,0.7574077359829666,0.2402346159495904,40.0,2.0,7.0,,,,100.0,log2,False
LogisticRegression,8907.525880554887,lbfgs,,5000.0,0.9755979455915156,0.7573633782824698,0.2182345673090459,,,,,,,,,
LogisticRegression,3728.5973489877306,lbfgs,,2000.0,0.975717018726235,0.757319020581973,0.2183979981442619,,,,,,,,,
LogisticRegression,17377.53032623642,lbfgs,balanced,3000.0,0.9765584688782516,0.757319020581973,0.2192394482962787,,,,,,,,,
LogisticRegression,14386.522562214524,lbfgs,,3000.0,0.9754074285759649,0.7572746628814763,0.2181327656944884,,,,,,,,,
LogisticRegression,25970.58417609601,lbfgs,,2000.0,0.975550316337628,0.7572746628814763,0.2182756534561516,,,,,,,,,
LogisticRegression,16760.18797470768,liblinear,balanced,5000.0,0.9760583617124304,0.7572746628814763,0.2187836988309541,,,,,,,,,
LogisticRegression,5606.639665222662,lbfgs,balanced,5000.0,0.9761218673842808,0.7572746628814763,0.2188472045028044,,,,,,,,,
LogisticRegression,7410.597473677619,liblinear,balanced,5000.0,0.9761377438022434,0.7572746628814763,0.2188630809207671,,,,,,,,,
LogisticRegression,4410.045668762176,lbfgs,,2000.0,0.9753836139490208,0.7572303051809794,0.2181533087680414,,,,,,,,,
LogisticRegression,412537.8396682191,liblinear,balanced,2000.0,0.9760901145483556,0.7572303051809794,0.2188598093673761,,,,,,,,,
LogisticRegression,11735.41593489448,liblinear,balanced,5000.0,0.9761059909663182,0.7572303051809794,0.2188756857853387,,,,,,,,,
LogisticRegression,7159.561484447748,liblinear,balanced,3000.0,0.9761059909663182,0.7572303051809794,0.2188756857853387,,,,,,,,,
LogisticRegression,109.2464461909436,liblinear,balanced,2000.0,0.9761139291752996,0.7572303051809794,0.21888362399432,,,,,,,,,
LogisticRegression,176276.76655419805,lbfgs,balanced,5000.0,0.9764314575345512,0.7572303051809794,0.2192011523535716,,,,,,,,,
LogisticRegression,2312.455921432313,lbfgs,,2000.0,0.975359799322077,0.7571859474804826,0.2181738518415943,,,,,,,,,
LogisticRegression,6545.7951459074,lbfgs,,3000.0,0.9755185635017029,0.7571859474804826,0.2183326160212201,,,,,,,,,
LogisticRegression,126373.17806341496,lbfgs,,3000.0,0.9756138220094782,0.7571859474804826,0.2184278745289956,,,,,,,,,
LogisticRegression,3502.4139407272773,liblinear,balanced,3000.0,0.9760742381303932,0.7571859474804826,0.2188882906499104,,,,,,,,,
LogisticRegression,12791.86369193415,lbfgs,,2000.0,0.9753677375310582,0.7571415897799858,0.2182261477510724,,,,,,,,,
LogisticRegression,24749.873918781934,lbfgs,,5000.0,0.9755185635017029,0.7571415897799858,0.2183769737217169,,,,,,,,,
LogisticRegression,215711.3082995636,lbfgs,,3000.0,0.975717018726235,0.7571415897799858,0.2185754289462491,,,,,,,,,
LogisticRegression,164268.54839203076,liblinear,balanced,2000.0,0.9760821763393744,0.7571415897799858,0.2189405865593885,,,,,,,,,
LogisticRegression,684.984573674368,liblinear,balanced,2000.0,0.9761139291752996,0.7571415897799858,0.2189723393953137,,,,,,,,,
LogisticRegression,25710.154430607472,liblinear,balanced,3000.0,0.9760901145483556,0.757097232079489,0.2189928824688666,,,,,,,,,
LogisticRegression,5796.598436112729,lbfgs,balanced,2000.0,0.975851968278917,0.7570528743789922,0.2187990938999248,,,,,,,,,
LogisticRegression,13882.894010223645,lbfgs,balanced,3000.0,0.9763679518627008,0.7570528743789922,0.2193150774837086,,,,,,,,,
LogisticRegression,14591.388826332995,lbfgs,balanced,5000.0,0.9759154739507672,0.7570085166784953,0.2189069572722719,,,,,,,,,
LogisticRegression,4087.806095994385,liblinear,balanced,2000.0,0.9760901145483556,0.7570085166784953,0.2190815978698602,,,,,,,,,
LogisticRegression,15952.268905457611,lbfgs,balanced,2000.0,0.9761774348471498,0.7570085166784953,0.2191689181686544,,,,,,,,,
LogisticRegression,41.00901609372056,lbfgs,balanced,5000.0,0.9759392885777112,0.7569641589779986,0.2189751295997124,,,,,,,,,
LogisticRegression,221520.31199180085,lbfgs,,2000.0,0.9754629960388336,0.7569198012775018,0.2185431947613318,,,,,,,,,
LogisticRegression,204188.9613089541,lbfgs,,3000.0,0.975550316337628,0.7569198012775018,0.2186305150601261,,,,,,,,,
LogisticRegression,19434.55348605952,lbfgs,,3000.0,0.9754868106657776,0.756875443577005,0.2186113670887726,,,,,,,,,
LogisticRegression,16440.734933762,liblinear,balanced,5000.0,0.9760742381303932,0.756875443577005,0.2191987945533881,,,,,,,,,
LogisticRegression,48580.63978005562,lbfgs,balanced,3000.0,0.976129805593262,0.756875443577005,0.219254362016257,,,,,,,,,
LogisticRegression,6715.227824278159,liblinear,balanced,5000.0,0.9760266088765052,0.7568310858765082,0.2191955229999971,,,,,,,,,
LogisticRegression,667.5589981470405,lbfgs,balanced,2000.0,0.9759789796226176,0.7567867281760113,0.2191922514466062,,,,,,,,,
LogisticRegression,720810.9909428904,liblinear,balanced,2000.0,0.9760027942495614,0.7567867281760113,0.21921606607355,,,,,,,,,
LogisticRegression,52752.11339339734,liblinear,balanced,5000.0,0.9760662999214116,0.7567867281760113,0.2192795717454003,,,,,,,,,
DecisionTree,,,,,0.9430195359323028,0.7567423704755145,0.1862771654567884,2.0,34.0,6.0,log_loss,random,0.0001,,,
LogisticRegression,42856.93624759421,lbfgs,,5000.0,0.9753439229041144,0.7567423704755145,0.2186015524285999,,,,,,,,,
LogisticRegression,590584.3016373556,liblinear,balanced,2000.0,0.9759472267866924,0.7567423704755145,0.2192048563111779,,,,,,,,,
LogisticRegression,19083.246936632044,lbfgs,,3000.0,0.9754629960388336,0.7566980127750177,0.218764983263816,,,,,,,,,
RandomForest,,,,,0.996713581481746,0.756653655074521,0.240059926407225,33.0,7.0,8.0,,,,100.0,log2,True
LogisticRegression,297042.322819631,lbfgs,,5000.0,0.975415366784946,0.7566092973740242,0.2188060694109218,,,,,,,,,
LogisticRegression,123695.4472316053,lbfgs,,3000.0,0.9753280464861518,0.7565649396735273,0.2187631068126244,,,,,,,,,
LogisticRegression,123276.03328537424,lbfgs,,5000.0,0.97543918141189,0.7565649396735273,0.2188742417383625,,,,,,,,,
LogisticRegression,92188.52974802976,lbfgs,,2000.0,0.975304231859208,0.7565205819730305,0.2187836498861773,,,,,,,,,
RandomForest,,,,,0.9971025537218292,0.7565205819730305,0.2405819717487988,31.0,7.0,6.0,,,,100.0,log2,True
RandomForest,,,balanced,,0.9977296722313512,0.7565205819730305,0.2412090902583206,37.0,5.0,7.0,,,,150.0,log2,False
LogisticRegression,3.5783059085025277,lbfgs,balanced,2000.0,0.9752724790232828,0.75638750887154,0.2188849701517426,,,,,,,,,
LogisticRegression,23299.98724116375,lbfgs,,3000.0,0.9754312432029084,0.75638750887154,0.2190437343313684,,,,,,,,,
LogisticRegression,21616.43997884697,lbfgs,,3000.0,0.975304231859208,0.7562987934705465,0.2190054383886613,,,,,,,,,
LogisticRegression,61610.418965969344,lbfgs,,3000.0,0.9753756757400396,0.7562987934705465,0.219076882269493,,,,,,,,,
LogisticRegression,6681.38806912031,lbfgs,balanced,3000.0,0.9759392885777112,0.7562987934705465,0.2196404951071645,,,,,,,,,
LogisticRegression,20380.883124872656,lbfgs,balanced,5000.0,0.9759392885777112,0.7562987934705465,0.2196404951071645,,,,,,,,,
LogisticRegression,168608.2603688927,lbfgs,balanced,2000.0,0.9759392885777112,0.7562987934705465,0.2196404951071645,,,,,,,,,
LogisticRegression,11957.763484173707,lbfgs,,3000.0,0.975248664396339,0.7562544357700497,0.2189942286262892,,,,,,,,,
RandomForest,,,balanced,,0.9984044199947608,0.7562544357700497,0.2421499842247111,28.0,6.0,5.0,,,,100.0,log2,False
LogisticRegression,139703.70181215077,lbfgs,,2000.0,0.975145467679582,0.7562100780695529,0.2189353896100292,,,,,,,,,
LogisticRegression,34572.10303069289,liblinear,,2000.0,0.9752010351424512,0.7561213626685592,0.2190796724738919,,,,,,,,,
LogisticRegression,120884.97728588716,liblinear,,3000.0,0.9752089733514324,0.7561213626685592,0.2190876106828732,,,,,,,,,
LogisticRegression,122928.28141747868,liblinear,,2000.0,0.9752169115604138,0.7561213626685592,0.2190955488918545,,,,,,,,,
LogisticRegression,4315.877841365142,liblinear,,5000.0,0.9752169115604138,0.7561213626685592,0.2190955488918545,,,,,,,,,
LogisticRegression,215138.8143647537,liblinear,,5000.0,0.9752169115604138,0.7561213626685592,0.2190955488918545,,,,,,,,,
LogisticRegression,187105.56269099837,liblinear,,3000.0,0.975224849769395,0.7561213626685592,0.2191034871008358,,,,,,,,,
LogisticRegression,21891.96229633405,liblinear,,3000.0,0.9752327879783764,0.7561213626685592,0.2191114253098171,,,,,,,,,
LogisticRegression,7966.951653747406,liblinear,,2000.0,0.9751851587244886,0.7560770049680624,0.2191081537564262,,,,,,,,,
LogisticRegression,11512.591363739804,liblinear,,5000.0,0.975224849769395,0.7560770049680624,0.2191478448013326,,,,,,,,,
LogisticRegression,11647.906786645784,liblinear,,2000.0,0.975224849769395,0.7560770049680624,0.2191478448013326,,,,,,,,,
LogisticRegression,61469.6420162584,lbfgs,,5000.0,0.9752407261873576,0.7560770049680624,0.2191637212192951,,,,,,,,,
RandomForest,,,,,0.998301223278004,0.7560770049680624,0.2422242183099415,35.0,8.0,5.0,,,,100.0,log2,False
LogisticRegression,20394.022532456496,liblinear,,2000.0,0.9752010351424512,0.7560326472675657,0.2191683878748854,,,,,,,,,
LogisticRegression,5168.712891390414,liblinear,,2000.0,0.9752089733514324,0.7560326472675657,0.2191763260838667,,,,,,,,,
LogisticRegression,86223.0409800359,liblinear,,2000.0,0.9752089733514324,0.7560326472675657,0.2191763260838667,,,,,,,,,
LogisticRegression,168045.63530461618,liblinear,,2000.0,0.9752089733514324,0.7560326472675657,0.2191763260838667,,,,,,,,,
LogisticRegression,12852.63260889746,liblinear,,5000.0,0.9752089733514324,0.7560326472675657,0.2191763260838667,,,,,,,,,
LogisticRegression,2580.553384757796,liblinear,,5000.0,0.9752169115604138,0.7560326472675657,0.2191842642928481,,,,,,,,,
LogisticRegression,3215.14216337538,liblinear,,3000.0,0.9752169115604138,0.7560326472675657,0.2191842642928481,,,,,,,,,
LogisticRegression,39675.3887308024,lbfgs,,5000.0,0.975304231859208,0.7560326472675657,0.2192715845916422,,,,,,,,,
LogisticRegression,107650.32598210704,lbfgs,,5000.0,0.9754788724567964,0.7560326472675657,0.2194462251892306,,,,,,,,,
LogisticRegression,9.824483976225224,lbfgs,balanced,2000.0,0.975637636636422,0.7560326472675657,0.2196049893688564,,,,,,,,,
LogisticRegression,16136.403869779766,lbfgs,,3000.0,0.9751851587244886,0.7559882895670689,0.2191968691574197,,,,,,,,,
LogisticRegression,5319.970137068082,liblinear,,3000.0,0.97519309693347,0.7559882895670689,0.219204807366401,,,,,,,,,
LogisticRegression,21635.267177238336,liblinear,,2000.0,0.9752010351424512,0.7559882895670689,0.2192127455753822,,,,,,,,,
LogisticRegression,14158.080837783144,liblinear,,2000.0,0.9752010351424512,0.7559882895670689,0.2192127455753822,,,,,,,,,
LogisticRegression,51430.5985095108,liblinear,,2000.0,0.9752169115604138,0.7559882895670689,0.2192286219933449,,,,,,,,,
LogisticRegression,4574.836202997628,liblinear,,3000.0,0.9751375294706008,0.755943931866572,0.2191935976040288,,,,,,,,,
LogisticRegression,677996.5064807831,liblinear,,5000.0,0.97519309693347,0.755943931866572,0.2192491650668978,,,,,,,,,
LogisticRegression,9.59886509356826,liblinear,balanced,2000.0,0.9755979455915156,0.755943931866572,0.2196540137249436,,,,,,,,,
LogisticRegression,5495.634139925189,lbfgs,balanced,2000.0,0.975907535741786,0.755943931866572,0.2199636038752138,,,,,,,,,
RandomForest,,,,,0.9973803910361744,0.755943931866572,0.2414364591696023,24.0,5.0,5.0,,,,100.0,log2,True
LogisticRegression,8052.249354701579,liblinear,,5000.0,0.9751375294706008,0.7558995741660752,0.2192379553045256,,,,,,,,,
LogisticRegression,18665.652137981106,liblinear,,2000.0,0.97519309693347,0.7558995741660752,0.2192935227673946,,,,,,,,,
LogisticRegression,45786.28083952891,lbfgs,,3000.0,0.9752327879783764,0.7558995741660752,0.2193332138123011,,,,,,,,,
LogisticRegression,6829.944472319862,lbfgs,balanced,3000.0,0.9757805243980852,0.7558995741660752,0.21988095023201,,,,,,,,,
LogisticRegression,7496.692141338595,lbfgs,,5000.0,0.975391552158002,0.7558552164655784,0.2195363356924237,,,,,,,,,
LogisticRegression,894.6008206617714,liblinear,,2000.0,0.9751375294706008,0.7558108587650816,0.2193266707055192,,,,,,,,,
LogisticRegression,7789.935093696552,liblinear,,5000.0,0.975169282306526,0.7558108587650816,0.2193584235414444,,,,,,,,,
LogisticRegression,296152.7961650444,liblinear,,2000.0,0.9751772205155071,0.7558108587650816,0.2193663617504256,,,,,,,,,
LogisticRegression,6093.559561737753,liblinear,,3000.0,0.97519309693347,0.7558108587650816,0.2193822381683883,,,,,,,,,
LogisticRegression,290010.43346153817,liblinear,,5000.0,0.9751057766346756,0.7557665010645848,0.2193392755700909,,,,,,,,,
LogisticRegression,5374.629591581106,liblinear,,3000.0,0.9751295912616196,0.7557665010645848,0.2193630901970348,,,,,,,,,
LogisticRegression,868.1443369771375,liblinear,,2000.0,0.9751295912616196,0.755722143364088,0.2194074478975315,,,,,,,,,
LogisticRegression,142603.37483320787,liblinear,,2000.0,0.9751375294706008,0.755722143364088,0.2194153861065128,,,,,,,,,
LogisticRegression,41904.37543654027,liblinear,,5000.0,0.9751851587244886,0.755722143364088,0.2194630153604005,,,,,,,,,
LogisticRegression,69161.20192854427,liblinear,,5000.0,0.975224849769395,0.755722143364088,0.219502706405307,,,,,,,,,
LogisticRegression,278083.6400947132,liblinear,,2000.0,0.9752327879783764,0.755722143364088,0.2195106446142882,,,,,,,,,
LogisticRegression,7135.930159545986,liblinear,,5000.0,0.9751534058885636,0.7556777856635912,0.2194756202249722,,,,,,,,,
LogisticRegression,116861.30068522668,liblinear,,5000.0,0.975224849769395,0.7556777856635912,0.2195470641058038,,,,,,,,,
LogisticRegression,30306.259738248005,liblinear,,3000.0,0.975224849769395,0.7556777856635912,0.2195470641058038,,,,,,,,,
LogisticRegression,4500.305160556323,liblinear,,2000.0,0.9752327879783764,0.7556777856635912,0.219555002314785,,,,,,,,,
LogisticRegression,477.9699388855173,liblinear,,5000.0,0.9751295912616196,0.7556334279630944,0.2194961632985251,,,,,,,,,
LogisticRegression,151875.3570153706,liblinear,,2000.0,0.9752327879783764,0.7556334279630944,0.2195993600152819,,,,,,,,,
LogisticRegression,75094.6902903069,liblinear,,5000.0,0.9752327879783764,0.7555890702625976,0.2196437177157787,,,,,,,,,
LogisticRegression,10.21268465830813,lbfgs,balanced,5000.0,0.9758281536519732,0.7555890702625976,0.2202390833893754,,,,,,,,,
RandomForest,,,,,0.997586784469688,0.7555890702625976,0.2419977142070903,34.0,6.0,5.0,,,,300.0,log2,True
LogisticRegression,21220.567843780635,liblinear,,5000.0,0.975169282306526,0.7555447125621008,0.2196245697444252,,,,,,,,,
LogisticRegression,4703.476119225675,liblinear,,2000.0,0.9751772205155071,0.7555447125621008,0.2196325079534065,,,,,,,,,
LogisticRegression,6461.876641066186,liblinear,,2000.0,0.9751772205155071,0.7555447125621008,0.2196325079534065,,,,,,,,,
LogisticRegression,18191.315837653263,liblinear,,3000.0,0.97519309693347,0.7555447125621008,0.2196483843713691,,,,,,,,,
RandomForest,,,,,0.9976741047684822,0.7555447125621008,0.2421293922063814,35.0,7.0,7.0,,,,200.0,log2,False
LogisticRegression,146.97797098345015,lbfgs,,5000.0,0.9748993832011622,0.7554559971611071,0.2194433860400551,,,,,,,,,
LogisticRegression,3998.0168901424736,liblinear,,3000.0,0.9752169115604138,0.7554559971611071,0.2197609143993066,,,,,,,,,
LogisticRegression,90978.72323218956,lbfgs,balanced,3000.0,0.9758122772340104,0.7554559971611071,0.2203562800729033,,,,,,,,,
LogisticRegression,15.146862926558844,lbfgs,,5000.0,0.9750184563358816,0.7553229240596168,0.2196955322762647,,,,,,,,,
LogisticRegression,96561.81075874691,liblinear,,5000.0,0.9751137148436568,0.7553229240596168,0.2197907907840401,,,,,,,,,
LogisticRegression,94342.4507325424,lbfgs,,2000.0,0.9750502091718066,0.7552342086586231,0.2198160005131835,,,,,,,,,
LogisticRegression,1313639.3588081931,lbfgs,,5000.0,0.9751375294706008,0.7552342086586231,0.2199033208119777,,,,,,,,,
LogisticRegression,5.307593398228943,liblinear,balanced,5000.0,0.975304231859208,0.7551898509581263,0.2201143809010816,,,,,,,,,
LogisticRegression,274672.3071573338,lbfgs,,5000.0,0.975248664396339,0.7551454932576295,0.2201031711387094,,,,,,,,,
RandomForest,,,,,0.9975312170068188,0.7551454932576295,0.2423857237491894,38.0,5.0,5.0,,,,150.0,log2,True
LogisticRegression,14803.70221743576,liblinear,,2000.0,0.9750899002167132,0.7551011355571328,0.2199887646595804,,,,,,,,,
LogisticRegression,3.825220867979386,liblinear,balanced,5000.0,0.975248664396339,0.7551011355571328,0.2201475288392061,,,,,,,,,
LogisticRegression,24.33855138510931,liblinear,,2000.0,0.9749708270819938,0.7549237047551455,0.2200471223268483,,,,,,,,,
LogisticRegression,0.0039539780070834,liblinear,balanced,2000.0,0.9722718360283552,0.7548793470546487,0.2173924889737066,,,,,,,,,
LogisticRegression,28.55191436922721,liblinear,,5000.0,0.9749073214101436,0.7548349893541518,0.2200723320559916,,,,,,,,,
LogisticRegression,103563.14804577522,lbfgs,,3000.0,0.9752407261873576,0.7548349893541518,0.2204057368332057,,,,,,,,,
LogisticRegression,33360.91857918376,lbfgs,,5000.0,0.9747168043945924,0.7547906316536551,0.2199261727409374,,,,,,,,,
LogisticRegression,392026.8868613928,lbfgs,,2000.0,0.974542163797004,0.7547462739531583,0.2197958898438458,,,,,,,,,
LogisticRegression,30754.6248597877,lbfgs,,3000.0,0.9743516467814533,0.7547019162526615,0.2196497305287916,,,,,,,,,
LogisticRegression,0.0047931079980832,lbfgs,balanced,5000.0,0.9723670945361308,0.7546575585521647,0.2177095359839661,,,,,,,,,
LogisticRegression,111300.91078403212,lbfgs,,3000.0,0.9750978384256944,0.7545244854506742,0.2205733529750202,,,,,,,,,
LogisticRegression,59738.88161469981,lbfgs,,3000.0,0.9748755685742184,0.7542583392476934,0.2206172293265249,,,,,,,,,
LogisticRegression,4.439502377536218,lbfgs,,3000.0,0.9741531915569208,0.7541696238466998,0.2199835677102211,,,,,,,,,
LogisticRegression,1.1174719102000426,liblinear,balanced,3000.0,0.9748041246933868,0.754125266146203,0.2206788585471837,,,,,,,,,
RandomForest,,,,,0.9974359584990434,0.7539478353442157,0.2434881231548277,29.0,8.0,5.0,,,,100.0,log2,True
LogisticRegression,0.002396517145345,liblinear,,3000.0,0.97094615512848,0.7539034776437189,0.217042677484761,,,,,,,,,
LogisticRegression,5.372575072548873,liblinear,,2000.0,0.974319893945528,0.7538147622427254,0.2205051317028026,,,,,,,,,
LogisticRegression,0.0086999917602096,lbfgs,,3000.0,0.9719225548331786,0.7535042583392477,0.2184182964939308,,,,,,,,,
LogisticRegression,1.5243494003434228,liblinear,,2000.0,0.9738039103617442,0.7533268275372604,0.2204770828244837,,,,,,,,,
LogisticRegression,4.341060346374688,liblinear,,3000.0,0.9741928826018272,0.7533268275372604,0.2208660550645669,,,,,,,,,
LogisticRegression,0.0035652377339746,liblinear,,3000.0,0.971303374532638,0.7532381121362669,0.218065262396371,,,,,,,,,
LogisticRegression,0.0016009313348586,liblinear,,3000.0,0.9705809975153404,0.752750177430802,0.2178308200845385,,,,,,,,,
LogisticRegression,0.3143216158816672,liblinear,balanced,2000.0,0.9745342255880228,0.7512420156139106,0.2232922099741122,,,,,,,,,
LogisticRegression,0.0620674283528551,liblinear,balanced,5000.0,0.973827724988688,0.7511089425124201,0.2227187824762679,,,,,,,,,
LogisticRegression,0.218684932519606,lbfgs,,2000.0,0.9733276178228668,0.7510645848119234,0.2222630330109434,,,,,,,,,
LogisticRegression,0.0360819979782706,liblinear,,2000.0,0.9727243139402888,0.7509315117104329,0.2217928022298558,,,,,,,,,
DecisionTree,,,,,0.9536329213402872,0.7507097232079489,0.2029231981323382,24.0,34.0,5.0,gini,random,0.01,,,
LogisticRegression,0.0293901298677505,lbfgs,,3000.0,0.9726687464774196,0.7507097232079489,0.2219590232694708,,,,,,,,,
LogisticRegression,0.1245055521470087,lbfgs,,2000.0,0.9730735951354657,0.7507097232079489,0.2223638719275166,,,,,,,,,
LogisticRegression,0.2144392510453234,lbfgs,,2000.0,0.9732958649869417,0.7507097232079489,0.2225861417789927,,,,,,,,,
LogisticRegression,0.1838742680864322,liblinear,balanced,2000.0,0.9744389670802474,0.7503548616039745,0.2240841054762729,,,,,,,,,
LogisticRegression,0.1261775176853999,lbfgs,,2000.0,0.9731291625983346,0.7501774308019872,0.2229517317963474,,,,,,,,,
LogisticRegression,0.0686381548994401,liblinear,,5000.0,0.972922769164821,0.75,0.222922769164821,,,,,,,,,
LogisticRegression,0.0883961109925026,liblinear,,2000.0,0.9730100894636152,0.7499556422995032,0.223054447164112,,,,,,,,,
LogisticRegression,0.1692731636121131,liblinear,,3000.0,0.9732085446881474,0.7497338537970192,0.2234746908911282,,,,,,,,,
LogisticRegression,0.0001143121925562,lbfgs,balanced,3000.0,0.9705571828883968,0.7480039034776437,0.2225532794107531,,,,,,,,,
DecisionTree,,,,,0.966508696307939,0.7460965223562811,0.2204121739516579,7.0,7.0,7.0,entropy,random,0.01,,,
DecisionTree,,,,,0.9675327252665252,0.7457860184528035,0.2217467068137218,10.0,3.0,17.0,log_loss,random,0.01,,,
LogisticRegression,0.000118213715298,lbfgs,,3000.0,0.9706365649782096,0.7452093683463449,0.2254271966318647,,,,,,,,,
LogisticRegression,0.0001974544765185,lbfgs,balanced,3000.0,0.9708826494566296,0.7420599716110717,0.2288226778455578,,,,,,,,,
LogisticRegression,0.000197792237633,lbfgs,,3000.0,0.9711525485619934,0.7387331440738112,0.2324194044881822,,,,,,,,,
DecisionTree,,,,,0.9679375739245712,0.7380234208658624,0.2299141530587087,10.0,31.0,15.0,log_loss,random,0.01,,,
